{"UEs_PCTs": [{"gnb-1": 195, "ue_id": 1}, {"gnb-1": 22, "ue_id": 2}, {"gnb-1": 27, "ue_id": 3}, {"gnb-1": 20, "ue_id": 4}, {"gnb-1": 23, "ue_id": 5}, {"gnb-1": 25, "ue_id": 6}, {"gnb-1": 23, "ue_id": 7}, {"gnb-1": 21, "ue_id": 8}, {"gnb-1": 17, "ue_id": 9}, {"gnb-1": 20, "ue_id": 10}, {"gnb-1": 17, "ue_id": 11}, {"gnb-1": 17, "ue_id": 12}, {"gnb-1": 15, "ue_id": 13}, {"gnb-1": 16, "ue_id": 14}, {"gnb-1": 19, "ue_id": 15}, {"gnb-1": 17, "ue_id": 16}, {"gnb-1": 16, "ue_id": 17}, {"gnb-1": 18, "ue_id": 18}, {"gnb-1": 16, "ue_id": 19}, {"gnb-1": 13, "ue_id": 20}, {"gnb-1": 11, "ue_id": 21}, {"gnb-1": 11, "ue_id": 22}, {"gnb-1": 18, "ue_id": 23}, {"gnb-1": 19, "ue_id": 24}, {"gnb-1": 16, "ue_id": 25}, {"gnb-1": 24, "ue_id": 26}, {"gnb-1": 19, "ue_id": 27}, {"gnb-1": 18, "ue_id": 28}, {"gnb-1": 15, "ue_id": 29}, {"gnb-1": 17, "ue_id": 30}, {"gnb-1": 18, "ue_id": 31}, {"gnb-1": 19, "ue_id": 32}, {"gnb-1": 23, "ue_id": 33}, {"gnb-1": 20, "ue_id": 34}, {"gnb-1": 17, "ue_id": 35}, {"gnb-1": 14, "ue_id": 36}, {"gnb-1": 12, "ue_id": 37}, {"gnb-1": 17, "ue_id": 38}, {"gnb-1": 14, "ue_id": 39}, {"gnb-1": 13, "ue_id": 40}, {"gnb-1": 16, "ue_id": 41}, {"gnb-1": 13, "ue_id": 42}, {"gnb-1": 13, "ue_id": 43}, {"gnb-1": 11, "ue_id": 44}, {"gnb-1": 11, "ue_id": 45}, {"gnb-1": 12, "ue_id": 46}, {"gnb-1": 16, "ue_id": 47}, {"gnb-1": 15, "ue_id": 48}, {"gnb-1": 15, "ue_id": 49}, {"gnb-1": 12, "ue_id": 50}, {"gnb-1": 13, "ue_id": 51}, {"gnb-1": 13, "ue_id": 52}, {"gnb-1": 12, "ue_id": 53}, {"gnb-1": 10, "ue_id": 54}, {"gnb-1": 12, "ue_id": 55}, {"gnb-1": 17, "ue_id": 56}, {"gnb-1": 17, "ue_id": 57}, {"gnb-1": 14, "ue_id": 58}, {"gnb-1": 14, "ue_id": 59}, {"gnb-1": 14, "ue_id": 60}, {"gnb-1": 12, "ue_id": 61}, {"gnb-1": 15, "ue_id": 62}, {"gnb-1": 14, "ue_id": 63}, {"gnb-1": 13, "ue_id": 64}, {"gnb-1": 13, "ue_id": 65}, {"gnb-1": 14, "ue_id": 66}, {"gnb-1": 15, "ue_id": 67}, {"gnb-1": 15, "ue_id": 68}, {"gnb-1": 17, "ue_id": 69}, {"gnb-1": 15, "ue_id": 70}, {"gnb-1": 13, "ue_id": 71}, {"gnb-1": 12, "ue_id": 72}, {"gnb-1": 15, "ue_id": 73}, {"gnb-1": 14, "ue_id": 74}, {"gnb-1": 13, "ue_id": 75}, {"gnb-1": 12, "ue_id": 76}, {"gnb-1": 11, "ue_id": 77}, {"gnb-1": 12, "ue_id": 78}, {"gnb-1": 14, "ue_id": 79}, {"gnb-1": 19, "ue_id": 80}, {"gnb-1": 19, "ue_id": 81}, {"gnb-1": 19, "ue_id": 82}, {"gnb-1": 17, "ue_id": 83}, {"gnb-1": 17, "ue_id": 84}, {"gnb-1": 18, "ue_id": 85}, {"gnb-1": 14, "ue_id": 86}, {"gnb-1": 12, "ue_id": 87}, {"gnb-1": 12, "ue_id": 88}, {"gnb-1": 16, "ue_id": 89}, {"gnb-1": 15, "ue_id": 90}, {"gnb-1": 13, "ue_id": 91}, {"gnb-1": 12, "ue_id": 92}, {"gnb-1": 10, "ue_id": 93}, {"gnb-1": 12, "ue_id": 94}, {"gnb-1": 11, "ue_id": 95}, {"gnb-1": 15, "ue_id": 96}, {"gnb-1": 12, "ue_id": 97}, {"gnb-1": 14, "ue_id": 98}, {"gnb-1": 15, "ue_id": 99}, {"gnb-1": 14, "ue_id": 100}, {"gnb-1": 12, "ue_id": 101}, {"gnb-1": 14, "ue_id": 102}, {"gnb-1": 13, "ue_id": 103}, {"gnb-1": 15, "ue_id": 104}, {"gnb-1": 15, "ue_id": 105}, {"gnb-1": 20, "ue_id": 106}, {"gnb-1": 20, "ue_id": 107}, {"gnb-1": 19, "ue_id": 108}, {"gnb-1": 16, "ue_id": 109}, {"gnb-1": 16, "ue_id": 110}, {"gnb-1": 14, "ue_id": 111}, {"gnb-1": 16, "ue_id": 112}, {"gnb-1": 18, "ue_id": 113}, {"gnb-1": 13, "ue_id": 114}, {"gnb-1": 16, "ue_id": 115}, {"gnb-1": 13, "ue_id": 116}, {"gnb-1": 13, "ue_id": 117}, {"gnb-1": 12, "ue_id": 118}, {"gnb-1": 12, "ue_id": 119}, {"gnb-1": 14, "ue_id": 120}, {"gnb-1": 12, "ue_id": 121}, {"gnb-1": 14, "ue_id": 122}, {"gnb-1": 13, "ue_id": 123}, {"gnb-1": 22, "ue_id": 124}, {"gnb-1": 18, "ue_id": 125}, {"gnb-1": 15, "ue_id": 126}, {"gnb-1": 20, "ue_id": 127}, {"gnb-1": 17, "ue_id": 128}, {"gnb-1": 15, "ue_id": 129}, {"gnb-1": 12, "ue_id": 130}, {"gnb-1": 24, "ue_id": 131}, {"gnb-1": 29, "ue_id": 132}, {"gnb-1": 26, "ue_id": 133}, {"gnb-1": 22, "ue_id": 134}, {"gnb-1": 21, "ue_id": 135}, {"gnb-1": 17, "ue_id": 136}, {"gnb-1": 22, "ue_id": 137}, {"gnb-1": 19, "ue_id": 138}, {"gnb-1": 18, "ue_id": 139}, {"gnb-1": 20, "ue_id": 140}, {"gnb-1": 19, "ue_id": 141}, {"gnb-1": 24, "ue_id": 142}, {"gnb-1": 17, "ue_id": 143}, {"gnb-1": 15, "ue_id": 144}, {"gnb-1": 17, "ue_id": 145}, {"gnb-1": 14, "ue_id": 146}, {"gnb-1": 20, "ue_id": 147}, {"gnb-1": 14, "ue_id": 148}, {"gnb-1": 15, "ue_id": 149}, {"gnb-1": 16, "ue_id": 150}, {"gnb-1": 12, "ue_id": 151}, {"gnb-1": 14, "ue_id": 152}, {"gnb-1": 12, "ue_id": 153}, {"gnb-1": 12, "ue_id": 154}, {"gnb-1": 11, "ue_id": 155}, {"gnb-1": 20, "ue_id": 156}, {"gnb-1": 19, "ue_id": 157}, {"gnb-1": 16, "ue_id": 158}, {"gnb-1": 18, "ue_id": 159}, {"gnb-1": 23, "ue_id": 160}, {"gnb-1": 21, "ue_id": 161}, {"gnb-1": 16, "ue_id": 162}, {"gnb-1": 21, "ue_id": 163}, {"gnb-1": 18, "ue_id": 164}, {"gnb-1": 18, "ue_id": 165}, {"gnb-1": 15, "ue_id": 166}, {"gnb-1": 18, "ue_id": 167}, {"gnb-1": 17, "ue_id": 168}, {"gnb-1": 17, "ue_id": 169}, {"gnb-1": 17, "ue_id": 170}, {"gnb-1": 14, "ue_id": 171}, {"gnb-1": 15, "ue_id": 172}, {"gnb-1": 14, "ue_id": 173}, {"gnb-1": 11, "ue_id": 174}, {"gnb-1": 12, "ue_id": 175}, {"gnb-1": 12, "ue_id": 176}, {"gnb-1": 11, "ue_id": 177}, {"gnb-1": 13, "ue_id": 178}, {"gnb-1": 13, "ue_id": 179}, {"gnb-1": 11, "ue_id": 180}, {"gnb-1": 23, "ue_id": 181}, {"gnb-1": 23, "ue_id": 182}, {"gnb-1": 19, "ue_id": 183}, {"gnb-1": 18, "ue_id": 184}, {"gnb-1": 21, "ue_id": 185}, {"gnb-1": 15, "ue_id": 186}, {"gnb-1": 21, "ue_id": 187}, {"gnb-1": 16, "ue_id": 188}, {"gnb-1": 15, "ue_id": 189}, {"gnb-1": 15, "ue_id": 190}, {"gnb-1": 16, "ue_id": 191}, {"gnb-1": 20, "ue_id": 192}, {"gnb-1": 17, "ue_id": 193}, {"gnb-1": 16, "ue_id": 194}, {"gnb-1": 17, "ue_id": 195}, {"gnb-1": 16, "ue_id": 196}, {"gnb-1": 18, "ue_id": 197}, {"gnb-1": 19, "ue_id": 198}, {"gnb-1": 16, "ue_id": 199}, {"gnb-1": 14, "ue_id": 200}, {"gnb-1": 22, "ue_id": 201}, {"gnb-1": 16, "ue_id": 202}, {"gnb-1": 16, "ue_id": 203}, {"gnb-1": 16, "ue_id": 204}, {"gnb-1": 14, "ue_id": 205}, {"gnb-1": 23, "ue_id": 206}, {"gnb-1": 21, "ue_id": 207}, {"gnb-1": 19, "ue_id": 208}, {"gnb-1": 16, "ue_id": 209}, {"gnb-1": 17, "ue_id": 210}, {"gnb-1": 16, "ue_id": 211}, {"gnb-1": 15, "ue_id": 212}, {"gnb-1": 15, "ue_id": 213}, {"gnb-1": 15, "ue_id": 214}, {"gnb-1": 13, "ue_id": 215}, {"gnb-1": 16, "ue_id": 216}, {"gnb-1": 14, "ue_id": 217}, {"gnb-1": 15, "ue_id": 218}, {"gnb-1": 16, "ue_id": 219}, {"gnb-1": 16, "ue_id": 220}, {"gnb-1": 16, "ue_id": 221}, {"gnb-1": 16, "ue_id": 222}, {"gnb-1": 15, "ue_id": 223}, {"gnb-1": 14, "ue_id": 224}, {"gnb-1": 15, "ue_id": 225}, {"gnb-1": 16, "ue_id": 226}, {"gnb-1": 16, "ue_id": 227}, {"gnb-1": 16, "ue_id": 228}, {"gnb-1": 17, "ue_id": 229}, {"gnb-1": 16, "ue_id": 230}, {"gnb-1": 22, "ue_id": 231}, {"gnb-1": 32, "ue_id": 232}, {"gnb-1": 22, "ue_id": 233}, {"gnb-1": 21, "ue_id": 234}, {"gnb-1": 21, "ue_id": 235}, {"gnb-1": 17, "ue_id": 236}, {"gnb-1": 20, "ue_id": 237}, {"gnb-1": 23, "ue_id": 238}, {"gnb-1": 23, "ue_id": 239}, {"gnb-1": 20, "ue_id": 240}, {"gnb-1": 24, "ue_id": 241}, {"gnb-1": 26, "ue_id": 242}, {"gnb-1": 22, "ue_id": 243}, {"gnb-1": 20, "ue_id": 244}, {"gnb-1": 17, "ue_id": 245}, {"gnb-1": 14, "ue_id": 246}, {"gnb-1": 15, "ue_id": 247}, {"gnb-1": 16, "ue_id": 248}, {"gnb-1": 13, "ue_id": 249}, {"gnb-1": 12, "ue_id": 250}, {"gnb-1": 13, "ue_id": 251}, {"gnb-1": 11, "ue_id": 252}, {"gnb-1": 12, "ue_id": 253}, {"gnb-1": 12, "ue_id": 254}, {"gnb-1": 11, "ue_id": 255}, {"gnb-1": 23, "ue_id": 256}, {"gnb-1": 21, "ue_id": 257}, {"gnb-1": 20, "ue_id": 258}, {"gnb-1": 20, "ue_id": 259}, {"gnb-1": 22, "ue_id": 260}, {"gnb-1": 20, "ue_id": 261}, {"gnb-1": 16, "ue_id": 262}, {"gnb-1": 22, "ue_id": 263}, {"gnb-1": 25, "ue_id": 264}, {"gnb-1": 22, "ue_id": 265}, {"gnb-1": 21, "ue_id": 266}, {"gnb-1": 17, "ue_id": 267}, {"gnb-1": 19, "ue_id": 268}, {"gnb-1": 19, "ue_id": 269}, {"gnb-1": 17, "ue_id": 270}, {"gnb-1": 14, "ue_id": 271}, {"gnb-1": 15, "ue_id": 272}, {"gnb-1": 18, "ue_id": 273}, {"gnb-1": 17, "ue_id": 274}, {"gnb-1": 15, "ue_id": 275}, {"gnb-1": 18, "ue_id": 276}, {"gnb-1": 15, "ue_id": 277}, {"gnb-1": 13, "ue_id": 278}, {"gnb-1": 15, "ue_id": 279}, {"gnb-1": 12, "ue_id": 280}, {"gnb-1": 20, "ue_id": 281}, {"gnb-1": 18, "ue_id": 282}, {"gnb-1": 20, "ue_id": 283}, {"gnb-1": 16, "ue_id": 284}, {"gnb-1": 15, "ue_id": 285}, {"gnb-1": 16, "ue_id": 286}, {"gnb-1": 20, "ue_id": 287}, {"gnb-1": 16, "ue_id": 288}, {"gnb-1": 15, "ue_id": 289}, {"gnb-1": 16, "ue_id": 290}, {"gnb-1": 17, "ue_id": 291}, {"gnb-1": 19, "ue_id": 292}, {"gnb-1": 15, "ue_id": 293}, {"gnb-1": 17, "ue_id": 294}, {"gnb-1": 21, "ue_id": 295}, {"gnb-1": 17, "ue_id": 296}, {"gnb-1": 16, "ue_id": 297}, {"gnb-1": 12, "ue_id": 298}, {"gnb-1": 13, "ue_id": 299}, {"gnb-1": 14, "ue_id": 300}, {"gnb-1": 17, "ue_id": 301}, {"gnb-1": 15, "ue_id": 302}, {"gnb-1": 19, "ue_id": 303}, {"gnb-1": 17, "ue_id": 304}, {"gnb-1": 14, "ue_id": 305}, {"gnb-1": 17, "ue_id": 306}, {"gnb-1": 16, "ue_id": 307}, {"gnb-1": 15, "ue_id": 308}, {"gnb-1": 15, "ue_id": 309}, {"gnb-1": 12, "ue_id": 310}, {"gnb-1": 14, "ue_id": 311}, {"gnb-1": 13, "ue_id": 312}, {"gnb-1": 18, "ue_id": 313}, {"gnb-1": 15, "ue_id": 314}, {"gnb-1": 16, "ue_id": 315}, {"gnb-1": 14, "ue_id": 316}, {"gnb-1": 15, "ue_id": 317}, {"gnb-1": 12, "ue_id": 318}, {"gnb-1": 11, "ue_id": 319}, {"gnb-1": 12, "ue_id": 320}, {"gnb-1": 13, "ue_id": 321}, {"gnb-1": 16, "ue_id": 322}, {"gnb-1": 14, "ue_id": 323}, {"gnb-1": 17, "ue_id": 324}, {"gnb-1": 15, "ue_id": 325}, {"gnb-1": 18, "ue_id": 326}, {"gnb-1": 13, "ue_id": 327}, {"gnb-1": 14, "ue_id": 328}, {"gnb-1": 13, "ue_id": 329}, {"gnb-1": 18, "ue_id": 330}, {"gnb-1": 40, "ue_id": 331}, {"gnb-1": 29, "ue_id": 332}, {"gnb-1": 25, "ue_id": 333}, {"gnb-1": 22, "ue_id": 334}, {"gnb-1": 15, "ue_id": 335}, {"gnb-1": 23, "ue_id": 336}, {"gnb-1": 15, "ue_id": 337}, {"gnb-1": 23, "ue_id": 338}, {"gnb-1": 23, "ue_id": 339}, {"gnb-1": 25, "ue_id": 340}, {"gnb-1": 19, "ue_id": 341}, {"gnb-1": 21, "ue_id": 342}, {"gnb-1": 30, "ue_id": 343}, {"gnb-1": 27, "ue_id": 344}, {"gnb-1": 24, "ue_id": 345}, {"gnb-1": 21, "ue_id": 346}, {"gnb-1": 22, "ue_id": 347}, {"gnb-1": 22, "ue_id": 348}, {"gnb-1": 19, "ue_id": 349}, {"gnb-1": 19, "ue_id": 350}, {"gnb-1": 15, "ue_id": 351}, {"gnb-1": 16, "ue_id": 352}, {"gnb-1": 16, "ue_id": 353}, {"gnb-1": 15, "ue_id": 354}, {"gnb-1": 14, "ue_id": 355}, {"gnb-1": 27, "ue_id": 356}, {"gnb-1": 23, "ue_id": 357}, {"gnb-1": 26, "ue_id": 358}, {"gnb-1": 24, "ue_id": 359}, {"gnb-1": 26, "ue_id": 360}, {"gnb-1": 21, "ue_id": 361}, {"gnb-1": 23, "ue_id": 362}, {"gnb-1": 20, "ue_id": 363}, {"gnb-1": 19, "ue_id": 364}, {"gnb-1": 20, "ue_id": 365}, {"gnb-1": 20, "ue_id": 366}, {"gnb-1": 20, "ue_id": 367}, {"gnb-1": 19, "ue_id": 368}, {"gnb-1": 22, "ue_id": 369}, {"gnb-1": 20, "ue_id": 370}, {"gnb-1": 21, "ue_id": 371}, {"gnb-1": 18, "ue_id": 372}, {"gnb-1": 16, "ue_id": 373}, {"gnb-1": 15, "ue_id": 374}, {"gnb-1": 20, "ue_id": 375}, {"gnb-1": 16, "ue_id": 376}, {"gnb-1": 14, "ue_id": 377}, {"gnb-1": 13, "ue_id": 378}, {"gnb-1": 16, "ue_id": 379}, {"gnb-1": 14, "ue_id": 380}, {"gnb-1": 28, "ue_id": 381}, {"gnb-1": 24, "ue_id": 382}, {"gnb-1": 21, "ue_id": 383}, {"gnb-1": 20, "ue_id": 384}, {"gnb-1": 20, "ue_id": 385}, {"gnb-1": 22, "ue_id": 386}, {"gnb-1": 21, "ue_id": 387}, {"gnb-1": 19, "ue_id": 388}, {"gnb-1": 18, "ue_id": 389}, {"gnb-1": 23, "ue_id": 390}, {"gnb-1": 21, "ue_id": 391}, {"gnb-1": 20, "ue_id": 392}, {"gnb-1": 31, "ue_id": 393}, {"gnb-1": 33, "ue_id": 394}, {"gnb-1": 30, "ue_id": 395}, {"gnb-1": 27, "ue_id": 396}, {"gnb-1": 21, "ue_id": 397}, {"gnb-1": 21, "ue_id": 398}, {"gnb-1": 17, "ue_id": 399}, {"gnb-1": 15, "ue_id": 400}, {"gnb-1": 12, "ue_id": 401}, {"gnb-1": 13, "ue_id": 402}, {"gnb-1": 16, "ue_id": 403}, {"gnb-1": 12, "ue_id": 404}, {"gnb-1": 17, "ue_id": 405}, {"gnb-1": 21, "ue_id": 406}, {"gnb-1": 22, "ue_id": 407}, {"gnb-1": 21, "ue_id": 408}, {"gnb-1": 18, "ue_id": 409}, {"gnb-1": 16, "ue_id": 410}, {"gnb-1": 15, "ue_id": 411}, {"gnb-1": 18, "ue_id": 412}, {"gnb-1": 18, "ue_id": 413}, {"gnb-1": 16, "ue_id": 414}, {"gnb-1": 17, "ue_id": 415}, {"gnb-1": 29, "ue_id": 416}, {"gnb-1": 17, "ue_id": 417}, {"gnb-1": 21, "ue_id": 418}, {"gnb-1": 20, "ue_id": 419}, {"gnb-1": 18, "ue_id": 420}, {"gnb-1": 16, "ue_id": 421}, {"gnb-1": 21, "ue_id": 422}, {"gnb-1": 19, "ue_id": 423}, {"gnb-1": 17, "ue_id": 424}, {"gnb-1": 17, "ue_id": 425}, {"gnb-1": 17, "ue_id": 426}, {"gnb-1": 22, "ue_id": 427}, {"gnb-1": 16, "ue_id": 428}, {"gnb-1": 17, "ue_id": 429}, {"gnb-1": 13, "ue_id": 430}, {"gnb-1": 21, "ue_id": 431}, {"gnb-1": 19, "ue_id": 432}, {"gnb-1": 19, "ue_id": 433}, {"gnb-1": 18, "ue_id": 434}, {"gnb-1": 17, "ue_id": 435}, {"gnb-1": 17, "ue_id": 436}, {"gnb-1": 24, "ue_id": 437}, {"gnb-1": 23, "ue_id": 438}, {"gnb-1": 20, "ue_id": 439}, {"gnb-1": 15, "ue_id": 440}, {"gnb-1": 16, "ue_id": 441}, {"gnb-1": 15, "ue_id": 442}, {"gnb-1": 15, "ue_id": 443}, {"gnb-1": 13, "ue_id": 444}, {"gnb-1": 13, "ue_id": 445}, {"gnb-1": 18, "ue_id": 446}, {"gnb-1": 16, "ue_id": 447}, {"gnb-1": 16, "ue_id": 448}, {"gnb-1": 17, "ue_id": 449}, {"gnb-1": 17, "ue_id": 450}, {"gnb-1": 15, "ue_id": 451}, {"gnb-1": 15, "ue_id": 452}, {"gnb-1": 16, "ue_id": 453}, {"gnb-1": 13, "ue_id": 454}, {"gnb-1": 11, "ue_id": 455}, {"gnb-1": 19, "ue_id": 456}, {"gnb-1": 22, "ue_id": 457}, {"gnb-1": 20, "ue_id": 458}, {"gnb-1": 19, "ue_id": 459}, {"gnb-1": 18, "ue_id": 460}, {"gnb-1": 16, "ue_id": 461}, {"gnb-1": 17, "ue_id": 462}, {"gnb-1": 20, "ue_id": 463}, {"gnb-1": 16, "ue_id": 464}, {"gnb-1": 20, "ue_id": 465}, {"gnb-1": 17, "ue_id": 466}, {"gnb-1": 19, "ue_id": 467}, {"gnb-1": 13, "ue_id": 468}, {"gnb-1": 15, "ue_id": 469}, {"gnb-1": 16, "ue_id": 470}, {"gnb-1": 18, "ue_id": 471}, {"gnb-1": 17, "ue_id": 472}, {"gnb-1": 15, "ue_id": 473}, {"gnb-1": 15, "ue_id": 474}, {"gnb-1": 13, "ue_id": 475}, {"gnb-1": 13, "ue_id": 476}, {"gnb-1": 12, "ue_id": 477}, {"gnb-1": 12, "ue_id": 478}, {"gnb-1": 12, "ue_id": 479}, {"gnb-1": 18, "ue_id": 480}, {"gnb-1": 19, "ue_id": 481}, {"gnb-1": 25, "ue_id": 482}, {"gnb-1": 20, "ue_id": 483}, {"gnb-1": 20, "ue_id": 484}, {"gnb-1": 17, "ue_id": 485}, {"gnb-1": 23, "ue_id": 486}, {"gnb-1": 28, "ue_id": 487}, {"gnb-1": 18, "ue_id": 488}, {"gnb-1": 20, "ue_id": 489}, {"gnb-1": 18, "ue_id": 490}, {"gnb-1": 16, "ue_id": 491}, {"gnb-1": 16, "ue_id": 492}, {"gnb-1": 17, "ue_id": 493}, {"gnb-1": 19, "ue_id": 494}, {"gnb-1": 14, "ue_id": 495}, {"gnb-1": 13, "ue_id": 496}, {"gnb-1": 15, "ue_id": 497}, {"gnb-1": 16, "ue_id": 498}, {"gnb-1": 15, "ue_id": 499}, {"gnb-1": 15, "ue_id": 500}, {"gnb-1": 20, "ue_id": 501}, {"gnb-1": 22, "ue_id": 502}, {"gnb-1": 19, "ue_id": 503}, {"gnb-1": 15, "ue_id": 504}, {"gnb-1": 16, "ue_id": 505}, {"gnb-1": 27, "ue_id": 506}, {"gnb-1": 26, "ue_id": 507}, {"gnb-1": 26, "ue_id": 508}, {"gnb-1": 22, "ue_id": 509}, {"gnb-1": 18, "ue_id": 510}, {"gnb-1": 16, "ue_id": 511}, {"gnb-1": 20, "ue_id": 512}, {"gnb-1": 20, "ue_id": 513}, {"gnb-1": 18, "ue_id": 514}, {"gnb-1": 19, "ue_id": 515}, {"gnb-1": 18, "ue_id": 516}, {"gnb-1": 23, "ue_id": 517}, {"gnb-1": 15, "ue_id": 518}, {"gnb-1": 19, "ue_id": 519}, {"gnb-1": 16, "ue_id": 520}, {"gnb-1": 17, "ue_id": 521}, {"gnb-1": 21, "ue_id": 522}, {"gnb-1": 15, "ue_id": 523}, {"gnb-1": 15, "ue_id": 524}, {"gnb-1": 15, "ue_id": 525}, {"gnb-1": 14, "ue_id": 526}, {"gnb-1": 12, "ue_id": 527}, {"gnb-1": 11, "ue_id": 528}, {"gnb-1": 11, "ue_id": 529}, {"gnb-1": 10, "ue_id": 530}, {"gnb-1": 20, "ue_id": 531}, {"gnb-1": 19, "ue_id": 532}, {"gnb-1": 19, "ue_id": 533}, {"gnb-1": 31, "ue_id": 534}, {"gnb-1": 17, "ue_id": 535}, {"gnb-1": 16, "ue_id": 536}, {"gnb-1": 18, "ue_id": 537}, {"gnb-1": 18, "ue_id": 538}, {"gnb-1": 15, "ue_id": 539}, {"gnb-1": 28, "ue_id": 540}, {"gnb-1": 26, "ue_id": 541}, {"gnb-1": 23, "ue_id": 542}, {"gnb-1": 20, "ue_id": 543}, {"gnb-1": 18, "ue_id": 544}, {"gnb-1": 20, "ue_id": 545}, {"gnb-1": 20, "ue_id": 546}, {"gnb-1": 20, "ue_id": 547}, {"gnb-1": 13, "ue_id": 548}, {"gnb-1": 14, "ue_id": 549}, {"gnb-1": 14, "ue_id": 550}, {"gnb-1": 20, "ue_id": 551}, {"gnb-1": 18, "ue_id": 552}, {"gnb-1": 19, "ue_id": 553}, {"gnb-1": 15, "ue_id": 554}, {"gnb-1": 14, "ue_id": 555}, {"gnb-1": 19, "ue_id": 556}, {"gnb-1": 21, "ue_id": 557}, {"gnb-1": 22, "ue_id": 558}, {"gnb-1": 20, "ue_id": 559}, {"gnb-1": 16, "ue_id": 560}, {"gnb-1": 18, "ue_id": 561}, {"gnb-1": 16, "ue_id": 562}, {"gnb-1": 18, "ue_id": 563}, {"gnb-1": 18, "ue_id": 564}, {"gnb-1": 17, "ue_id": 565}, {"gnb-1": 13, "ue_id": 566}, {"gnb-1": 13, "ue_id": 567}, {"gnb-1": 14, "ue_id": 568}, {"gnb-1": 18, "ue_id": 569}, {"gnb-1": 14, "ue_id": 570}, {"gnb-1": 13, "ue_id": 571}, {"gnb-1": 12, "ue_id": 572}, {"gnb-1": 13, "ue_id": 573}, {"gnb-1": 11, "ue_id": 574}, {"gnb-1": 11, "ue_id": 575}, {"gnb-1": 13, "ue_id": 576}, {"gnb-1": 12, "ue_id": 577}, {"gnb-1": 12, "ue_id": 578}, {"gnb-1": 13, "ue_id": 579}, {"gnb-1": 11, "ue_id": 580}, {"gnb-1": 31, "ue_id": 581}, {"gnb-1": 29, "ue_id": 582}, {"gnb-1": 24, "ue_id": 583}, {"gnb-1": 26, "ue_id": 584}, {"gnb-1": 24, "ue_id": 585}, {"gnb-1": 27, "ue_id": 586}, {"gnb-1": 19, "ue_id": 587}, {"gnb-1": 15, "ue_id": 588}, {"gnb-1": 25, "ue_id": 589}, {"gnb-1": 26, "ue_id": 590}, {"gnb-1": 30, "ue_id": 591}, {"gnb-1": 41, "ue_id": 592}, {"gnb-1": 33, "ue_id": 593}, {"gnb-1": 22, "ue_id": 594}, {"gnb-1": 32, "ue_id": 595}, {"gnb-1": 30, "ue_id": 596}, {"gnb-1": 30, "ue_id": 597}, {"gnb-1": 27, "ue_id": 598}, {"gnb-1": 25, "ue_id": 599}, {"gnb-1": 22, "ue_id": 600}, {"gnb-1": 20, "ue_id": 601}, {"gnb-1": 27, "ue_id": 602}, {"gnb-1": 19, "ue_id": 603}, {"gnb-1": 23, "ue_id": 604}, {"gnb-1": 20, "ue_id": 605}, {"gnb-1": 22, "ue_id": 606}, {"gnb-1": 20, "ue_id": 607}, {"gnb-1": 19, "ue_id": 608}, {"gnb-1": 15, "ue_id": 609}, {"gnb-1": 15, "ue_id": 610}, {"gnb-1": 15, "ue_id": 611}, {"gnb-1": 21, "ue_id": 612}, {"gnb-1": 16, "ue_id": 613}, {"gnb-1": 24, "ue_id": 614}, {"gnb-1": 26, "ue_id": 615}, {"gnb-1": 30, "ue_id": 616}, {"gnb-1": 26, "ue_id": 617}, {"gnb-1": 27, "ue_id": 618}, {"gnb-1": 23, "ue_id": 619}, {"gnb-1": 22, "ue_id": 620}, {"gnb-1": 19, "ue_id": 621}, {"gnb-1": 17, "ue_id": 622}, {"gnb-1": 15, "ue_id": 623}, {"gnb-1": 38, "ue_id": 624}, {"gnb-1": 27, "ue_id": 625}, {"gnb-1": 48, "ue_id": 626}, {"gnb-1": 26, "ue_id": 627}, {"gnb-1": 40, "ue_id": 628}, {"gnb-1": 38, "ue_id": 629}, {"gnb-1": 28, "ue_id": 630}, {"gnb-1": 19, "ue_id": 631}, {"gnb-1": 19, "ue_id": 632}, {"gnb-1": 17, "ue_id": 633}, {"gnb-1": 23, "ue_id": 634}, {"gnb-1": 22, "ue_id": 635}, {"gnb-1": 18, "ue_id": 636}, {"gnb-1": 14, "ue_id": 637}, {"gnb-1": 19, "ue_id": 638}, {"gnb-1": 17, "ue_id": 639}, {"gnb-1": 15, "ue_id": 640}, {"gnb-1": 22, "ue_id": 641}, {"gnb-1": 18, "ue_id": 642}, {"gnb-1": 35, "ue_id": 643}, {"gnb-1": 16, "ue_id": 644}, {"gnb-1": 25, "ue_id": 645}, {"gnb-1": 29, "ue_id": 646}, {"gnb-1": 27, "ue_id": 647}, {"gnb-1": 30, "ue_id": 648}, {"gnb-1": 22, "ue_id": 649}, {"gnb-1": 26, "ue_id": 650}, {"gnb-1": 29, "ue_id": 651}, {"gnb-1": 27, "ue_id": 652}, {"gnb-1": 26, "ue_id": 653}, {"gnb-1": 16, "ue_id": 654}, {"gnb-1": 18, "ue_id": 655}, {"gnb-1": 16, "ue_id": 656}, {"gnb-1": 16, "ue_id": 657}, {"gnb-1": 18, "ue_id": 658}, {"gnb-1": 16, "ue_id": 659}, {"gnb-1": 15, "ue_id": 660}, {"gnb-1": 16, "ue_id": 661}, {"gnb-1": 16, "ue_id": 662}, {"gnb-1": 15, "ue_id": 663}, {"gnb-1": 19, "ue_id": 664}, {"gnb-1": 17, "ue_id": 665}, {"gnb-1": 14, "ue_id": 666}, {"gnb-1": 33, "ue_id": 667}, {"gnb-1": 30, "ue_id": 668}, {"gnb-1": 26, "ue_id": 669}, {"gnb-1": 30, "ue_id": 670}, {"gnb-1": 28, "ue_id": 671}, {"gnb-1": 24, "ue_id": 672}, {"gnb-1": 21, "ue_id": 673}, {"gnb-1": 16, "ue_id": 674}, {"gnb-1": 25, "ue_id": 675}, {"gnb-1": 23, "ue_id": 676}, {"gnb-1": 16, "ue_id": 677}, {"gnb-1": 17, "ue_id": 678}, {"gnb-1": 16, "ue_id": 679}, {"gnb-1": 21, "ue_id": 680}, {"gnb-1": 18, "ue_id": 681}, {"gnb-1": 19, "ue_id": 682}, {"gnb-1": 22, "ue_id": 683}, {"gnb-1": 27, "ue_id": 684}, {"gnb-1": 26, "ue_id": 685}, {"gnb-1": 21, "ue_id": 686}, {"gnb-1": 20, "ue_id": 687}, {"gnb-1": 19, "ue_id": 688}, {"gnb-1": 19, "ue_id": 689}, {"gnb-1": 23, "ue_id": 690}, {"gnb-1": 16, "ue_id": 691}, {"gnb-1": 15, "ue_id": 692}, {"gnb-1": 23, "ue_id": 693}, {"gnb-1": 17, "ue_id": 694}, {"gnb-1": 17, "ue_id": 695}, {"gnb-1": 15, "ue_id": 696}, {"gnb-1": 15, "ue_id": 697}, {"gnb-1": 19, "ue_id": 698}, {"gnb-1": 14, "ue_id": 699}, {"gnb-1": 15, "ue_id": 700}, {"gnb-1": 12, "ue_id": 701}, {"gnb-1": 19, "ue_id": 702}, {"gnb-1": 15, "ue_id": 703}, {"gnb-1": 16, "ue_id": 704}, {"gnb-1": 16, "ue_id": 705}, {"gnb-1": 25, "ue_id": 706}, {"gnb-1": 21, "ue_id": 707}, {"gnb-1": 21, "ue_id": 708}, {"gnb-1": 21, "ue_id": 709}, {"gnb-1": 20, "ue_id": 710}, {"gnb-1": 16, "ue_id": 711}, {"gnb-1": 15, "ue_id": 712}, {"gnb-1": 24, "ue_id": 713}, {"gnb-1": 14, "ue_id": 714}, {"gnb-1": 19, "ue_id": 715}, {"gnb-1": 13, "ue_id": 716}, {"gnb-1": 30, "ue_id": 717}, {"gnb-1": 25, "ue_id": 718}, {"gnb-1": 22, "ue_id": 719}, {"gnb-1": 31, "ue_id": 720}, {"gnb-1": 28, "ue_id": 721}, {"gnb-1": 21, "ue_id": 722}, {"gnb-1": 19, "ue_id": 723}, {"gnb-1": 19, "ue_id": 724}, {"gnb-1": 16, "ue_id": 725}, {"gnb-1": 14, "ue_id": 726}, {"gnb-1": 27, "ue_id": 727}, {"gnb-1": 26, "ue_id": 728}, {"gnb-1": 21, "ue_id": 729}, {"gnb-1": 21, "ue_id": 730}, {"gnb-1": 21, "ue_id": 731}, {"gnb-1": 20, "ue_id": 732}, {"gnb-1": 18, "ue_id": 733}, {"gnb-1": 16, "ue_id": 734}, {"gnb-1": 18, "ue_id": 735}, {"gnb-1": 19, "ue_id": 736}, {"gnb-1": 16, "ue_id": 737}, {"gnb-1": 16, "ue_id": 738}, {"gnb-1": 23, "ue_id": 739}, {"gnb-1": 14, "ue_id": 740}, {"gnb-1": 18, "ue_id": 741}, {"gnb-1": 19, "ue_id": 742}, {"gnb-1": 17, "ue_id": 743}, {"gnb-1": 16, "ue_id": 744}, {"gnb-1": 12, "ue_id": 745}, {"gnb-1": 13, "ue_id": 746}, {"gnb-1": 11, "ue_id": 747}, {"gnb-1": 16, "ue_id": 748}, {"gnb-1": 19, "ue_id": 749}, {"gnb-1": 16, "ue_id": 750}, {"gnb-1": 14, "ue_id": 751}, {"gnb-1": 14, "ue_id": 752}, {"gnb-1": 21, "ue_id": 753}, {"gnb-1": 18, "ue_id": 754}, {"gnb-1": 16, "ue_id": 755}, {"gnb-1": 31, "ue_id": 756}, {"gnb-1": 29, "ue_id": 757}, {"gnb-1": 36, "ue_id": 758}, {"gnb-1": 32, "ue_id": 759}, {"gnb-1": 29, "ue_id": 760}, {"gnb-1": 26, "ue_id": 761}, {"gnb-1": 21, "ue_id": 762}, {"gnb-1": 21, "ue_id": 763}, {"gnb-1": 29, "ue_id": 764}, {"gnb-1": 17, "ue_id": 765}, {"gnb-1": 30, "ue_id": 766}, {"gnb-1": 20, "ue_id": 767}, {"gnb-1": 24, "ue_id": 768}, {"gnb-1": 20, "ue_id": 769}, {"gnb-1": 16, "ue_id": 770}, {"gnb-1": 17, "ue_id": 771}, {"gnb-1": 21, "ue_id": 772}, {"gnb-1": 18, "ue_id": 773}, {"gnb-1": 18, "ue_id": 774}, {"gnb-1": 21, "ue_id": 775}, {"gnb-1": 19, "ue_id": 776}, {"gnb-1": 19, "ue_id": 777}, {"gnb-1": 16, "ue_id": 778}, {"gnb-1": 16, "ue_id": 779}, {"gnb-1": 15, "ue_id": 780}, {"gnb-1": 24, "ue_id": 781}, {"gnb-1": 23, "ue_id": 782}, {"gnb-1": 23, "ue_id": 783}, {"gnb-1": 18, "ue_id": 784}, {"gnb-1": 16, "ue_id": 785}, {"gnb-1": 22, "ue_id": 786}, {"gnb-1": 17, "ue_id": 787}, {"gnb-1": 20, "ue_id": 788}, {"gnb-1": 18, "ue_id": 789}, {"gnb-1": 14, "ue_id": 790}, {"gnb-1": 22, "ue_id": 791}, {"gnb-1": 19, "ue_id": 792}, {"gnb-1": 16, "ue_id": 793}, {"gnb-1": 15, "ue_id": 794}, {"gnb-1": 15, "ue_id": 795}, {"gnb-1": 15, "ue_id": 796}, {"gnb-1": 21, "ue_id": 797}, {"gnb-1": 18, "ue_id": 798}, {"gnb-1": 29, "ue_id": 799}, {"gnb-1": 28, "ue_id": 800}, {"gnb-1": 22, "ue_id": 801}, {"gnb-1": 19, "ue_id": 802}, {"gnb-1": 21, "ue_id": 803}, {"gnb-1": 18, "ue_id": 804}, {"gnb-1": 14, "ue_id": 805}, {"gnb-1": 23, "ue_id": 806}, {"gnb-1": 20, "ue_id": 807}, {"gnb-1": 17, "ue_id": 808}, {"gnb-1": 13, "ue_id": 809}, {"gnb-1": 13, "ue_id": 810}, {"gnb-1": 14, "ue_id": 811}, {"gnb-1": 16, "ue_id": 812}, {"gnb-1": 19, "ue_id": 813}, {"gnb-1": 19, "ue_id": 814}, {"gnb-1": 16, "ue_id": 815}, {"gnb-1": 18, "ue_id": 816}, {"gnb-1": 15, "ue_id": 817}, {"gnb-1": 14, "ue_id": 818}, {"gnb-1": 15, "ue_id": 819}, {"gnb-1": 27, "ue_id": 820}, {"gnb-1": 12, "ue_id": 821}, {"gnb-1": 14, "ue_id": 822}, {"gnb-1": 12, "ue_id": 823}, {"gnb-1": 16, "ue_id": 824}, {"gnb-1": 15, "ue_id": 825}, {"gnb-1": 17, "ue_id": 826}, {"gnb-1": 21, "ue_id": 827}, {"gnb-1": 17, "ue_id": 828}, {"gnb-1": 22, "ue_id": 829}, {"gnb-1": 21, "ue_id": 830}, {"gnb-1": 21, "ue_id": 831}, {"gnb-1": 24, "ue_id": 832}, {"gnb-1": 20, "ue_id": 833}, {"gnb-1": 19, "ue_id": 834}, {"gnb-1": 17, "ue_id": 835}, {"gnb-1": 17, "ue_id": 836}, {"gnb-1": 23, "ue_id": 837}, {"gnb-1": 22, "ue_id": 838}, {"gnb-1": 18, "ue_id": 839}, {"gnb-1": 31, "ue_id": 840}, {"gnb-1": 26, "ue_id": 841}, {"gnb-1": 24, "ue_id": 842}, {"gnb-1": 35, "ue_id": 843}, {"gnb-1": 21, "ue_id": 844}, {"gnb-1": 31, "ue_id": 845}, {"gnb-1": 27, "ue_id": 846}, {"gnb-1": 25, "ue_id": 847}, {"gnb-1": 20, "ue_id": 848}, {"gnb-1": 21, "ue_id": 849}, {"gnb-1": 16, "ue_id": 850}, {"gnb-1": 17, "ue_id": 851}, {"gnb-1": 28, "ue_id": 852}, {"gnb-1": 19, "ue_id": 853}, {"gnb-1": 15, "ue_id": 854}, {"gnb-1": 17, "ue_id": 855}, {"gnb-1": 24, "ue_id": 856}, {"gnb-1": 23, "ue_id": 857}, {"gnb-1": 23, "ue_id": 858}, {"gnb-1": 20, "ue_id": 859}, {"gnb-1": 19, "ue_id": 860}, {"gnb-1": 15, "ue_id": 861}, {"gnb-1": 14, "ue_id": 862}, {"gnb-1": 26, "ue_id": 863}, {"gnb-1": 22, "ue_id": 864}, {"gnb-1": 14, "ue_id": 865}, {"gnb-1": 23, "ue_id": 866}, {"gnb-1": 16, "ue_id": 867}, {"gnb-1": 19, "ue_id": 868}, {"gnb-1": 19, "ue_id": 869}, {"gnb-1": 17, "ue_id": 870}, {"gnb-1": 19, "ue_id": 871}, {"gnb-1": 25, "ue_id": 872}, {"gnb-1": 22, "ue_id": 873}, {"gnb-1": 20, "ue_id": 874}, {"gnb-1": 16, "ue_id": 875}, {"gnb-1": 18, "ue_id": 876}, {"gnb-1": 21, "ue_id": 877}, {"gnb-1": 14, "ue_id": 878}, {"gnb-1": 17, "ue_id": 879}, {"gnb-1": 20, "ue_id": 880}, {"gnb-1": 22, "ue_id": 881}, {"gnb-1": 20, "ue_id": 882}, {"gnb-1": 19, "ue_id": 883}, {"gnb-1": 18, "ue_id": 884}, {"gnb-1": 15, "ue_id": 885}, {"gnb-1": 14, "ue_id": 886}, {"gnb-1": 16, "ue_id": 887}, {"gnb-1": 17, "ue_id": 888}, {"gnb-1": 18, "ue_id": 889}, {"gnb-1": 17, "ue_id": 890}, {"gnb-1": 29, "ue_id": 891}, {"gnb-1": 19, "ue_id": 892}, {"gnb-1": 23, "ue_id": 893}, {"gnb-1": 18, "ue_id": 894}, {"gnb-1": 21, "ue_id": 895}, {"gnb-1": 16, "ue_id": 896}, {"gnb-1": 15, "ue_id": 897}, {"gnb-1": 16, "ue_id": 898}, {"gnb-1": 19, "ue_id": 899}, {"gnb-1": 20, "ue_id": 900}, {"gnb-1": 19, "ue_id": 901}, {"gnb-1": 17, "ue_id": 902}, {"gnb-1": 26, "ue_id": 903}, {"gnb-1": 23, "ue_id": 904}, {"gnb-1": 22, "ue_id": 905}, {"gnb-1": 23, "ue_id": 906}, {"gnb-1": 35, "ue_id": 907}, {"gnb-1": 29, "ue_id": 908}, {"gnb-1": 29, "ue_id": 909}, {"gnb-1": 23, "ue_id": 910}, {"gnb-1": 22, "ue_id": 911}, {"gnb-1": 21, "ue_id": 912}, {"gnb-1": 27, "ue_id": 913}, {"gnb-1": 26, "ue_id": 914}, {"gnb-1": 22, "ue_id": 915}, {"gnb-1": 19, "ue_id": 916}, {"gnb-1": 19, "ue_id": 917}, {"gnb-1": 25, "ue_id": 918}, {"gnb-1": 23, "ue_id": 919}, {"gnb-1": 29, "ue_id": 920}, {"gnb-1": 34, "ue_id": 921}, {"gnb-1": 29, "ue_id": 922}, {"gnb-1": 24, "ue_id": 923}, {"gnb-1": 24, "ue_id": 924}, {"gnb-1": 22, "ue_id": 925}, {"gnb-1": 26, "ue_id": 926}, {"gnb-1": 22, "ue_id": 927}, {"gnb-1": 16, "ue_id": 928}, {"gnb-1": 17, "ue_id": 929}, {"gnb-1": 14, "ue_id": 930}, {"gnb-1": 19, "ue_id": 931}, {"gnb-1": 20, "ue_id": 932}, {"gnb-1": 21, "ue_id": 933}, {"gnb-1": 20, "ue_id": 934}, {"gnb-1": 16, "ue_id": 935}, {"gnb-1": 17, "ue_id": 936}, {"gnb-1": 21, "ue_id": 937}, {"gnb-1": 16, "ue_id": 938}, {"gnb-1": 23, "ue_id": 939}, {"gnb-1": 20, "ue_id": 940}, {"gnb-1": 20, "ue_id": 941}, {"gnb-1": 23, "ue_id": 942}, {"gnb-1": 19, "ue_id": 943}, {"gnb-1": 16, "ue_id": 944}, {"gnb-1": 16, "ue_id": 945}, {"gnb-1": 13, "ue_id": 946}, {"gnb-1": 14, "ue_id": 947}, {"gnb-1": 14, "ue_id": 948}, {"gnb-1": 14, "ue_id": 949}, {"gnb-1": 25, "ue_id": 950}, {"gnb-1": 26, "ue_id": 951}, {"gnb-1": 17, "ue_id": 952}, {"gnb-1": 19, "ue_id": 953}, {"gnb-1": 14, "ue_id": 954}, {"gnb-1": 15, "ue_id": 955}, {"gnb-1": 19, "ue_id": 956}, {"gnb-1": 18, "ue_id": 957}, {"gnb-1": 16, "ue_id": 958}, {"gnb-1": 15, "ue_id": 959}, {"gnb-1": 15, "ue_id": 960}, {"gnb-1": 16, "ue_id": 961}, {"gnb-1": 17, "ue_id": 962}, {"gnb-1": 15, "ue_id": 963}, {"gnb-1": 18, "ue_id": 964}, {"gnb-1": 22, "ue_id": 965}, {"gnb-1": 19, "ue_id": 966}, {"gnb-1": 17, "ue_id": 967}, {"gnb-1": 13, "ue_id": 968}, {"gnb-1": 36, "ue_id": 969}, {"gnb-1": 15, "ue_id": 970}, {"gnb-1": 28, "ue_id": 971}, {"gnb-1": 26, "ue_id": 972}, {"gnb-1": 22, "ue_id": 973}, {"gnb-1": 19, "ue_id": 974}, {"gnb-1": 15, "ue_id": 975}, {"gnb-1": 15, "ue_id": 976}, {"gnb-1": 14, "ue_id": 977}, {"gnb-1": 17, "ue_id": 978}, {"gnb-1": 14, "ue_id": 979}, {"gnb-1": 23, "ue_id": 980}, {"gnb-1": 20, "ue_id": 981}, {"gnb-1": 17, "ue_id": 982}, {"gnb-1": 16, "ue_id": 983}, {"gnb-1": 16, "ue_id": 984}, {"gnb-1": 15, "ue_id": 985}, {"gnb-1": 15, "ue_id": 986}, {"gnb-1": 21, "ue_id": 987}, {"gnb-1": 18, "ue_id": 988}, {"gnb-1": 22, "ue_id": 989}, {"gnb-1": 27, "ue_id": 990}, {"gnb-1": 25, "ue_id": 991}, {"gnb-1": 21, "ue_id": 992}, {"gnb-1": 16, "ue_id": 993}, {"gnb-1": 15, "ue_id": 994}, {"gnb-1": 14, "ue_id": 995}, {"gnb-1": 18, "ue_id": 996}, {"gnb-1": 18, "ue_id": 997}, {"gnb-1": 23, "ue_id": 998}, {"gnb-1": 21, "ue_id": 999}, {"gnb-1": 21, "ue_id": 1000}, {"gnb-1": 23, "ue_id": 1001}, {"gnb-1": 25, "ue_id": 1002}, {"gnb-1": 21, "ue_id": 1003}, {"gnb-1": 18, "ue_id": 1004}, {"gnb-1": 17, "ue_id": 1005}, {"gnb-1": 27, "ue_id": 1006}, {"gnb-1": 25, "ue_id": 1007}, {"gnb-1": 21, "ue_id": 1008}, {"gnb-1": 21, "ue_id": 1009}, {"gnb-1": 19, "ue_id": 1010}, {"gnb-1": 23, "ue_id": 1011}, {"gnb-1": 19, "ue_id": 1012}, {"gnb-1": 17, "ue_id": 1013}, {"gnb-1": 26, "ue_id": 1014}, {"gnb-1": 29, "ue_id": 1015}, {"gnb-1": 26, "ue_id": 1016}, {"gnb-1": 21, "ue_id": 1017}, {"gnb-1": 17, "ue_id": 1018}, {"gnb-1": 23, "ue_id": 1019}, {"gnb-1": 20, "ue_id": 1020}, {"gnb-1": 30, "ue_id": 1021}, {"gnb-1": 28, "ue_id": 1022}, {"gnb-1": 24, "ue_id": 1023}, {"gnb-1": 21, "ue_id": 1024}, {"gnb-1": 20, "ue_id": 1025}, {"gnb-1": 22, "ue_id": 1026}, {"gnb-1": 15, "ue_id": 1027}, {"gnb-1": 21, "ue_id": 1028}, {"gnb-1": 18, "ue_id": 1029}, {"gnb-1": 23, "ue_id": 1030}, {"gnb-1": 23, "ue_id": 1031}, {"gnb-1": 22, "ue_id": 1032}, {"gnb-1": 18, "ue_id": 1033}, {"gnb-1": 26, "ue_id": 1034}, {"gnb-1": 29, "ue_id": 1035}, {"gnb-1": 21, "ue_id": 1036}, {"gnb-1": 23, "ue_id": 1037}, {"gnb-1": 21, "ue_id": 1038}, {"gnb-1": 19, "ue_id": 1039}, {"gnb-1": 19, "ue_id": 1040}, {"gnb-1": 23, "ue_id": 1041}, {"gnb-1": 19, "ue_id": 1042}, {"gnb-1": 18, "ue_id": 1043}, {"gnb-1": 19, "ue_id": 1044}, {"gnb-1": 23, "ue_id": 1045}, {"gnb-1": 20, "ue_id": 1046}, {"gnb-1": 19, "ue_id": 1047}, {"gnb-1": 17, "ue_id": 1048}, {"gnb-1": 17, "ue_id": 1049}, {"gnb-1": 18, "ue_id": 1050}, {"gnb-1": 27, "ue_id": 1051}, {"gnb-1": 23, "ue_id": 1052}, {"gnb-1": 18, "ue_id": 1053}, {"gnb-1": 19, "ue_id": 1054}, {"gnb-1": 17, "ue_id": 1055}, {"gnb-1": 19, "ue_id": 1056}, {"gnb-1": 16, "ue_id": 1057}, {"gnb-1": 16, "ue_id": 1058}, {"gnb-1": 15, "ue_id": 1059}, {"gnb-1": 14, "ue_id": 1060}, {"gnb-1": 15, "ue_id": 1061}, {"gnb-1": 21, "ue_id": 1062}, {"gnb-1": 31, "ue_id": 1063}, {"gnb-1": 18, "ue_id": 1064}, {"gnb-1": 28, "ue_id": 1065}, {"gnb-1": 17, "ue_id": 1066}, {"gnb-1": 28, "ue_id": 1067}, {"gnb-1": 27, "ue_id": 1068}, {"gnb-1": 15, "ue_id": 1069}, {"gnb-1": 26, "ue_id": 1070}, {"gnb-1": 16, "ue_id": 1071}, {"gnb-1": 20, "ue_id": 1072}, {"gnb-1": 16, "ue_id": 1073}, {"gnb-1": 15, "ue_id": 1074}, {"gnb-1": 23, "ue_id": 1075}, {"gnb-1": 21, "ue_id": 1076}, {"gnb-1": 18, "ue_id": 1077}, {"gnb-1": 19, "ue_id": 1078}, {"gnb-1": 23, "ue_id": 1079}, {"gnb-1": 18, "ue_id": 1080}, {"gnb-1": 22, "ue_id": 1081}, {"gnb-1": 18, "ue_id": 1082}, {"gnb-1": 21, "ue_id": 1083}, {"gnb-1": 19, "ue_id": 1084}, {"gnb-1": 25, "ue_id": 1085}, {"gnb-1": 17, "ue_id": 1086}, {"gnb-1": 19, "ue_id": 1087}, {"gnb-1": 16, "ue_id": 1088}, {"gnb-1": 22, "ue_id": 1089}, {"gnb-1": 20, "ue_id": 1090}, {"gnb-1": 20, "ue_id": 1091}, {"gnb-1": 19, "ue_id": 1092}, {"gnb-1": 25, "ue_id": 1093}, {"gnb-1": 14, "ue_id": 1094}, {"gnb-1": 22, "ue_id": 1095}, {"gnb-1": 24, "ue_id": 1096}, {"gnb-1": 26, "ue_id": 1097}, {"gnb-1": 23, "ue_id": 1098}, {"gnb-1": 24, "ue_id": 1099}, {"gnb-1": 22, "ue_id": 1100}, {"gnb-1": 22, "ue_id": 1101}, {"gnb-1": 24, "ue_id": 1102}, {"gnb-1": 19, "ue_id": 1103}, {"gnb-1": 18, "ue_id": 1104}, {"gnb-1": 19, "ue_id": 1105}, {"gnb-1": 23, "ue_id": 1106}, {"gnb-1": 24, "ue_id": 1107}, {"gnb-1": 21, "ue_id": 1108}, {"gnb-1": 21, "ue_id": 1109}, {"gnb-1": 20, "ue_id": 1110}, {"gnb-1": 18, "ue_id": 1111}, {"gnb-1": 19, "ue_id": 1112}, {"gnb-1": 23, "ue_id": 1113}, {"gnb-1": 13, "ue_id": 1114}, {"gnb-1": 24, "ue_id": 1115}, {"gnb-1": 24, "ue_id": 1116}, {"gnb-1": 26, "ue_id": 1117}, {"gnb-1": 23, "ue_id": 1118}, {"gnb-1": 25, "ue_id": 1119}, {"gnb-1": 21, "ue_id": 1120}, {"gnb-1": 18, "ue_id": 1121}, {"gnb-1": 21, "ue_id": 1122}, {"gnb-1": 19, "ue_id": 1123}, {"gnb-1": 16, "ue_id": 1124}, {"gnb-1": 16, "ue_id": 1125}, {"gnb-1": 22, "ue_id": 1126}, {"gnb-1": 13, "ue_id": 1127}, {"gnb-1": 19, "ue_id": 1128}, {"gnb-1": 23, "ue_id": 1129}, {"gnb-1": 16, "ue_id": 1130}, {"gnb-1": 29, "ue_id": 1131}, {"gnb-1": 26, "ue_id": 1132}, {"gnb-1": 22, "ue_id": 1133}, {"gnb-1": 29, "ue_id": 1134}, {"gnb-1": 26, "ue_id": 1135}, {"gnb-1": 18, "ue_id": 1136}, {"gnb-1": 28, "ue_id": 1137}, {"gnb-1": 26, "ue_id": 1138}, {"gnb-1": 23, "ue_id": 1139}, {"gnb-1": 20, "ue_id": 1140}, {"gnb-1": 19, "ue_id": 1141}, {"gnb-1": 41, "ue_id": 1142}, {"gnb-1": 44, "ue_id": 1143}, {"gnb-1": 36, "ue_id": 1144}, {"gnb-1": 39, "ue_id": 1145}, {"gnb-1": 17, "ue_id": 1146}, {"gnb-1": 25, "ue_id": 1147}, {"gnb-1": 21, "ue_id": 1148}, {"gnb-1": 34, "ue_id": 1149}, {"gnb-1": 23, "ue_id": 1150}, {"gnb-1": 27, "ue_id": 1151}, {"gnb-1": 23, "ue_id": 1152}, {"gnb-1": 30, "ue_id": 1153}, {"gnb-1": 31, "ue_id": 1154}, {"gnb-1": 28, "ue_id": 1155}, {"gnb-1": 19, "ue_id": 1156}, {"gnb-1": 19, "ue_id": 1157}, {"gnb-1": 18, "ue_id": 1158}, {"gnb-1": 18, "ue_id": 1159}, {"gnb-1": 16, "ue_id": 1160}, {"gnb-1": 17, "ue_id": 1161}, {"gnb-1": 20, "ue_id": 1162}, {"gnb-1": 18, "ue_id": 1163}, {"gnb-1": 25, "ue_id": 1164}, {"gnb-1": 27, "ue_id": 1165}, {"gnb-1": 23, "ue_id": 1166}, {"gnb-1": 17, "ue_id": 1167}, {"gnb-1": 22, "ue_id": 1168}, {"gnb-1": 31, "ue_id": 1169}, {"gnb-1": 29, "ue_id": 1170}, {"gnb-1": 16, "ue_id": 1171}, {"gnb-1": 24, "ue_id": 1172}, {"gnb-1": 30, "ue_id": 1173}, {"gnb-1": 18, "ue_id": 1174}, {"gnb-1": 24, "ue_id": 1175}, {"gnb-1": 14, "ue_id": 1176}, {"gnb-1": 17, "ue_id": 1177}, {"gnb-1": 24, "ue_id": 1178}, {"gnb-1": 25, "ue_id": 1179}, {"gnb-1": 16, "ue_id": 1180}, {"gnb-1": 21, "ue_id": 1181}, {"gnb-1": 19, "ue_id": 1182}, {"gnb-1": 19, "ue_id": 1183}, {"gnb-1": 27, "ue_id": 1184}, {"gnb-1": 25, "ue_id": 1185}, {"gnb-1": 24, "ue_id": 1186}, {"gnb-1": 137, "ue_id": 1187}, {"gnb-1": 172, "ue_id": 1188}, {"gnb-1": 164, "ue_id": 1189}, {"gnb-1": 176, "ue_id": 1190}, {"gnb-1": 173, "ue_id": 1191}, {"gnb-1": 156, "ue_id": 1192}, {"gnb-1": 155, "ue_id": 1193}, {"gnb-1": 135, "ue_id": 1194}, {"gnb-1": 155, "ue_id": 1195}, {"gnb-1": 154, "ue_id": 1196}, {"gnb-1": 143, "ue_id": 1197}, {"gnb-1": 126, "ue_id": 1198}, {"gnb-1": 136, "ue_id": 1199}, {"gnb-1": 128, "ue_id": 1200}, {"gnb-1": 145, "ue_id": 1201}, {"gnb-1": 122, "ue_id": 1202}, {"gnb-1": 131, "ue_id": 1203}, {"gnb-1": 113, "ue_id": 1204}, {"gnb-1": 129, "ue_id": 1205}, {"gnb-1": 23, "ue_id": 1206}, {"gnb-1": 21, "ue_id": 1207}, {"gnb-1": 19, "ue_id": 1208}, {"gnb-1": 20, "ue_id": 1209}, {"gnb-1": 15, "ue_id": 1210}, {"gnb-1": 17, "ue_id": 1211}, {"gnb-1": 12, "ue_id": 1212}, {"gnb-1": 21, "ue_id": 1213}, {"gnb-1": 20, "ue_id": 1214}, {"gnb-1": 18, "ue_id": 1215}, {"gnb-1": 16, "ue_id": 1216}, {"gnb-1": 16, "ue_id": 1217}, {"gnb-1": 23, "ue_id": 1218}, {"gnb-1": 22, "ue_id": 1219}, {"gnb-1": 18, "ue_id": 1220}, {"gnb-1": 18, "ue_id": 1221}, {"gnb-1": 23, "ue_id": 1222}, {"gnb-1": 19, "ue_id": 1223}, {"gnb-1": 18, "ue_id": 1224}, {"gnb-1": 21, "ue_id": 1225}, {"gnb-1": 14, "ue_id": 1226}, {"gnb-1": 23, "ue_id": 1227}, {"gnb-1": 25, "ue_id": 1228}, {"gnb-1": 24, "ue_id": 1229}, {"gnb-1": 23, "ue_id": 1230}, {"gnb-1": 20, "ue_id": 1231}, {"gnb-1": 18, "ue_id": 1232}, {"gnb-1": 20, "ue_id": 1233}, {"gnb-1": 18, "ue_id": 1234}, {"gnb-1": 17, "ue_id": 1235}, {"gnb-1": 18, "ue_id": 1236}, {"gnb-1": 15, "ue_id": 1237}, {"gnb-1": 38, "ue_id": 1238}, {"gnb-1": 41, "ue_id": 1239}, {"gnb-1": 22, "ue_id": 1240}, {"gnb-1": 23, "ue_id": 1241}, {"gnb-1": 19, "ue_id": 1242}, {"gnb-1": 33, "ue_id": 1243}, {"gnb-1": 22, "ue_id": 1244}, {"gnb-1": 30, "ue_id": 1245}, {"gnb-1": 32, "ue_id": 1246}, {"gnb-1": 30, "ue_id": 1247}, {"gnb-1": 18, "ue_id": 1248}, {"gnb-1": 17, "ue_id": 1249}, {"gnb-1": 27, "ue_id": 1250}, {"gnb-1": 22, "ue_id": 1251}, {"gnb-1": 31, "ue_id": 1252}, {"gnb-1": 25, "ue_id": 1253}, {"gnb-1": 20, "ue_id": 1254}, {"gnb-1": 27, "ue_id": 1255}, {"gnb-1": 19, "ue_id": 1256}, {"gnb-1": 19, "ue_id": 1257}, {"gnb-1": 16, "ue_id": 1258}, {"gnb-1": 15, "ue_id": 1259}, {"gnb-1": 14, "ue_id": 1260}, {"gnb-1": 14, "ue_id": 1261}, {"gnb-1": 11, "ue_id": 1262}, {"gnb-1": 18, "ue_id": 1263}, {"gnb-1": 17, "ue_id": 1264}, {"gnb-1": 34, "ue_id": 1265}, {"gnb-1": 17, "ue_id": 1266}, {"gnb-1": 21, "ue_id": 1267}, {"gnb-1": 15, "ue_id": 1268}, {"gnb-1": 23, "ue_id": 1269}, {"gnb-1": 20, "ue_id": 1270}, {"gnb-1": 17, "ue_id": 1271}, {"gnb-1": 16, "ue_id": 1272}, {"gnb-1": 26, "ue_id": 1273}, {"gnb-1": 15, "ue_id": 1274}, {"gnb-1": 25, "ue_id": 1275}, {"gnb-1": 28, "ue_id": 1276}, {"gnb-1": 27, "ue_id": 1277}, {"gnb-1": 26, "ue_id": 1278}, {"gnb-1": 23, "ue_id": 1279}, {"gnb-1": 27, "ue_id": 1280}, {"gnb-1": 18, "ue_id": 1281}, {"gnb-1": 17, "ue_id": 1282}, {"gnb-1": 25, "ue_id": 1283}, {"gnb-1": 22, "ue_id": 1284}, {"gnb-1": 18, "ue_id": 1285}, {"gnb-1": 21, "ue_id": 1286}, {"gnb-1": 18, "ue_id": 1287}, {"gnb-1": 17, "ue_id": 1288}, {"gnb-1": 15, "ue_id": 1289}, {"gnb-1": 17, "ue_id": 1290}, {"gnb-1": 16, "ue_id": 1291}, {"gnb-1": 20, "ue_id": 1292}, {"gnb-1": 23, "ue_id": 1293}, {"gnb-1": 20, "ue_id": 1294}, {"gnb-1": 18, "ue_id": 1295}, {"gnb-1": 27, "ue_id": 1296}, {"gnb-1": 20, "ue_id": 1297}, {"gnb-1": 15, "ue_id": 1298}, {"gnb-1": 16, "ue_id": 1299}, {"gnb-1": 17, "ue_id": 1300}, {"gnb-1": 14, "ue_id": 1301}, {"gnb-1": 14, "ue_id": 1302}, {"gnb-1": 17, "ue_id": 1303}, {"gnb-1": 17, "ue_id": 1304}, {"gnb-1": 16, "ue_id": 1305}, {"gnb-1": 16, "ue_id": 1306}, {"gnb-1": 15, "ue_id": 1307}, {"gnb-1": 14, "ue_id": 1308}, {"gnb-1": 14, "ue_id": 1309}, {"gnb-1": 13, "ue_id": 1310}, {"gnb-1": 16, "ue_id": 1311}, {"gnb-1": 20, "ue_id": 1312}, {"gnb-1": 18, "ue_id": 1313}, {"gnb-1": 16, "ue_id": 1314}, {"gnb-1": 19, "ue_id": 1315}, {"gnb-1": 18, "ue_id": 1316}, {"gnb-1": 19, "ue_id": 1317}, {"gnb-1": 23, "ue_id": 1318}, {"gnb-1": 14, "ue_id": 1319}, {"gnb-1": 18, "ue_id": 1320}, {"gnb-1": 15, "ue_id": 1321}, {"gnb-1": 14, "ue_id": 1322}, {"gnb-1": 14, "ue_id": 1323}, {"gnb-1": 18, "ue_id": 1324}, {"gnb-1": 18, "ue_id": 1325}, {"gnb-1": 20, "ue_id": 1326}, {"gnb-1": 16, "ue_id": 1327}, {"gnb-1": 19, "ue_id": 1328}, {"gnb-1": 15, "ue_id": 1329}, {"gnb-1": 13, "ue_id": 1330}, {"gnb-1": 24, "ue_id": 1331}, {"gnb-1": 21, "ue_id": 1332}, {"gnb-1": 21, "ue_id": 1333}, {"gnb-1": 19, "ue_id": 1334}, {"gnb-1": 18, "ue_id": 1335}, {"gnb-1": 17, "ue_id": 1336}, {"gnb-1": 20, "ue_id": 1337}, {"gnb-1": 17, "ue_id": 1338}, {"gnb-1": 16, "ue_id": 1339}, {"gnb-1": 20, "ue_id": 1340}, {"gnb-1": 14, "ue_id": 1341}, {"gnb-1": 25, "ue_id": 1342}, {"gnb-1": 23, "ue_id": 1343}, {"gnb-1": 20, "ue_id": 1344}, {"gnb-1": 17, "ue_id": 1345}, {"gnb-1": 24, "ue_id": 1346}, {"gnb-1": 22, "ue_id": 1347}, {"gnb-1": 20, "ue_id": 1348}, {"gnb-1": 16, "ue_id": 1349}, {"gnb-1": 15, "ue_id": 1350}, {"gnb-1": 22, "ue_id": 1351}, {"gnb-1": 20, "ue_id": 1352}, {"gnb-1": 15, "ue_id": 1353}, {"gnb-1": 20, "ue_id": 1354}, {"gnb-1": 17, "ue_id": 1355}, {"gnb-1": 21, "ue_id": 1356}, {"gnb-1": 22, "ue_id": 1357}, {"gnb-1": 20, "ue_id": 1358}, {"gnb-1": 18, "ue_id": 1359}, {"gnb-1": 19, "ue_id": 1360}, {"gnb-1": 20, "ue_id": 1361}, {"gnb-1": 45, "ue_id": 1362}, {"gnb-1": 38, "ue_id": 1363}, {"gnb-1": 35, "ue_id": 1364}, {"gnb-1": 33, "ue_id": 1365}, {"gnb-1": 31, "ue_id": 1366}, {"gnb-1": 30, "ue_id": 1367}, {"gnb-1": 26, "ue_id": 1368}, {"gnb-1": 20, "ue_id": 1369}, {"gnb-1": 20, "ue_id": 1370}, {"gnb-1": 19, "ue_id": 1371}, {"gnb-1": 14, "ue_id": 1372}, {"gnb-1": 18, "ue_id": 1373}, {"gnb-1": 16, "ue_id": 1374}, {"gnb-1": 17, "ue_id": 1375}, {"gnb-1": 37, "ue_id": 1376}, {"gnb-1": 32, "ue_id": 1377}, {"gnb-1": 30, "ue_id": 1378}, {"gnb-1": 28, "ue_id": 1379}, {"gnb-1": 17, "ue_id": 1380}, {"gnb-1": 20, "ue_id": 1381}, {"gnb-1": 17, "ue_id": 1382}, {"gnb-1": 28, "ue_id": 1383}, {"gnb-1": 19, "ue_id": 1384}, {"gnb-1": 18, "ue_id": 1385}, {"gnb-1": 15, "ue_id": 1386}, {"gnb-1": 16, "ue_id": 1387}, {"gnb-1": 18, "ue_id": 1388}, {"gnb-1": 24, "ue_id": 1389}, {"gnb-1": 20, "ue_id": 1390}, {"gnb-1": 26, "ue_id": 1391}, {"gnb-1": 23, "ue_id": 1392}, {"gnb-1": 18, "ue_id": 1393}, {"gnb-1": 29, "ue_id": 1394}, {"gnb-1": 23, "ue_id": 1395}, {"gnb-1": 23, "ue_id": 1396}, {"gnb-1": 22, "ue_id": 1397}, {"gnb-1": 23, "ue_id": 1398}, {"gnb-1": 28, "ue_id": 1399}, {"gnb-1": 27, "ue_id": 1400}, {"gnb-1": 21, "ue_id": 1401}, {"gnb-1": 18, "ue_id": 1402}, {"gnb-1": 16, "ue_id": 1403}, {"gnb-1": 20, "ue_id": 1404}, {"gnb-1": 27, "ue_id": 1405}, {"gnb-1": 19, "ue_id": 1406}, {"gnb-1": 18, "ue_id": 1407}, {"gnb-1": 19, "ue_id": 1408}, {"gnb-1": 17, "ue_id": 1409}, {"gnb-1": 20, "ue_id": 1410}, {"gnb-1": 18, "ue_id": 1411}, {"gnb-1": 20, "ue_id": 1412}, {"gnb-1": 28, "ue_id": 1413}, {"gnb-1": 22, "ue_id": 1414}, {"gnb-1": 26, "ue_id": 1415}, {"gnb-1": 19, "ue_id": 1416}, {"gnb-1": 21, "ue_id": 1417}, {"gnb-1": 16, "ue_id": 1418}, {"gnb-1": 16, "ue_id": 1419}, {"gnb-1": 14, "ue_id": 1420}, {"gnb-1": 20, "ue_id": 1421}, {"gnb-1": 17, "ue_id": 1422}, {"gnb-1": 15, "ue_id": 1423}, {"gnb-1": 22, "ue_id": 1424}, {"gnb-1": 20, "ue_id": 1425}, {"gnb-1": 30, "ue_id": 1426}, {"gnb-1": 21, "ue_id": 1427}, {"gnb-1": 21, "ue_id": 1428}, {"gnb-1": 20, "ue_id": 1429}, {"gnb-1": 17, "ue_id": 1430}, {"gnb-1": 19, "ue_id": 1431}, {"gnb-1": 20, "ue_id": 1432}, {"gnb-1": 17, "ue_id": 1433}, {"gnb-1": 19, "ue_id": 1434}, {"gnb-1": 19, "ue_id": 1435}, {"gnb-1": 18, "ue_id": 1436}, {"gnb-1": 18, "ue_id": 1437}, {"gnb-1": 16, "ue_id": 1438}, {"gnb-1": 25, "ue_id": 1439}, {"gnb-1": 22, "ue_id": 1440}, {"gnb-1": 22, "ue_id": 1441}, {"gnb-1": 24, "ue_id": 1442}, {"gnb-1": 26, "ue_id": 1443}, {"gnb-1": 19, "ue_id": 1444}, {"gnb-1": 22, "ue_id": 1445}, {"gnb-1": 19, "ue_id": 1446}, {"gnb-1": 29, "ue_id": 1447}, {"gnb-1": 21, "ue_id": 1448}, {"gnb-1": 28, "ue_id": 1449}, {"gnb-1": 26, "ue_id": 1450}, {"gnb-1": 20, "ue_id": 1451}, {"gnb-1": 25, "ue_id": 1452}, {"gnb-1": 17, "ue_id": 1453}, {"gnb-1": 18, "ue_id": 1454}, {"gnb-1": 16, "ue_id": 1455}, {"gnb-1": 19, "ue_id": 1456}, {"gnb-1": 22, "ue_id": 1457}, {"gnb-1": 17, "ue_id": 1458}, {"gnb-1": 18, "ue_id": 1459}, {"gnb-1": 33, "ue_id": 1460}, {"gnb-1": 31, "ue_id": 1461}, {"gnb-1": 28, "ue_id": 1462}, {"gnb-1": 27, "ue_id": 1463}, {"gnb-1": 37, "ue_id": 1464}, {"gnb-1": 32, "ue_id": 1465}, {"gnb-1": 27, "ue_id": 1466}, {"gnb-1": 33, "ue_id": 1467}, {"gnb-1": 34, "ue_id": 1468}, {"gnb-1": 46, "ue_id": 1469}, {"gnb-1": 24, "ue_id": 1470}, {"gnb-1": 21, "ue_id": 1471}, {"gnb-1": 32, "ue_id": 1472}, {"gnb-1": 36, "ue_id": 1473}, {"gnb-1": 23, "ue_id": 1474}, {"gnb-1": 30, "ue_id": 1475}, {"gnb-1": 28, "ue_id": 1476}, {"gnb-1": 36, "ue_id": 1477}, {"gnb-1": 31, "ue_id": 1478}, {"gnb-1": 27, "ue_id": 1479}, {"gnb-1": 28, "ue_id": 1480}, {"gnb-1": 36, "ue_id": 1481}, {"gnb-1": 27, "ue_id": 1482}, {"gnb-1": 24, "ue_id": 1483}, {"gnb-1": 19, "ue_id": 1484}, {"gnb-1": 20, "ue_id": 1485}, {"gnb-1": 22, "ue_id": 1486}, {"gnb-1": 33, "ue_id": 1487}, {"gnb-1": 20, "ue_id": 1488}, {"gnb-1": 19, "ue_id": 1489}, {"gnb-1": 22, "ue_id": 1490}, {"gnb-1": 19, "ue_id": 1491}, {"gnb-1": 21, "ue_id": 1492}, {"gnb-1": 26, "ue_id": 1493}, {"gnb-1": 24, "ue_id": 1494}, {"gnb-1": 17, "ue_id": 1495}, {"gnb-1": 17, "ue_id": 1496}, {"gnb-1": 29, "ue_id": 1497}, {"gnb-1": 23, "ue_id": 1498}, {"gnb-1": 29, "ue_id": 1499}, {"gnb-1": 25, "ue_id": 1500}, {"gnb-1": 21, "ue_id": 1501}, {"gnb-1": 27, "ue_id": 1502}, {"gnb-1": 16, "ue_id": 1503}, {"gnb-1": 21, "ue_id": 1504}, {"gnb-1": 23, "ue_id": 1505}, {"gnb-1": 23, "ue_id": 1506}, {"gnb-1": 21, "ue_id": 1507}, {"gnb-1": 20, "ue_id": 1508}, {"gnb-1": 17, "ue_id": 1509}, {"gnb-1": 14, "ue_id": 1510}, {"gnb-1": 16, "ue_id": 1511}, {"gnb-1": 13, "ue_id": 1512}, {"gnb-1": 13, "ue_id": 1513}, {"gnb-1": 23, "ue_id": 1514}, {"gnb-1": 18, "ue_id": 1515}, {"gnb-1": 16, "ue_id": 1516}, {"gnb-1": 19, "ue_id": 1517}, {"gnb-1": 17, "ue_id": 1518}, {"gnb-1": 20, "ue_id": 1519}, {"gnb-1": 19, "ue_id": 1520}, {"gnb-1": 17, "ue_id": 1521}, {"gnb-1": 16, "ue_id": 1522}, {"gnb-1": 21, "ue_id": 1523}, {"gnb-1": 24, "ue_id": 1524}, {"gnb-1": 19, "ue_id": 1525}, {"gnb-1": 31, "ue_id": 1526}, {"gnb-1": 27, "ue_id": 1527}, {"gnb-1": 23, "ue_id": 1528}, {"gnb-1": 23, "ue_id": 1529}, {"gnb-1": 30, "ue_id": 1530}, {"gnb-1": 24, "ue_id": 1531}, {"gnb-1": 28, "ue_id": 1532}, {"gnb-1": 20, "ue_id": 1533}, {"gnb-1": 22, "ue_id": 1534}, {"gnb-1": 19, "ue_id": 1535}, {"gnb-1": 17, "ue_id": 1536}, {"gnb-1": 18, "ue_id": 1537}, {"gnb-1": 39, "ue_id": 1538}, {"gnb-1": 17, "ue_id": 1539}, {"gnb-1": 27, "ue_id": 1540}, {"gnb-1": 29, "ue_id": 1541}, {"gnb-1": 48, "ue_id": 1542}, {"gnb-1": 52, "ue_id": 1543}, {"gnb-1": 41, "ue_id": 1544}, {"gnb-1": 43, "ue_id": 1545}, {"gnb-1": 43, "ue_id": 1546}, {"gnb-1": 18, "ue_id": 1547}, {"gnb-1": 30, "ue_id": 1548}, {"gnb-1": 18, "ue_id": 1549}, {"gnb-1": 32, "ue_id": 1550}, {"gnb-1": 26, "ue_id": 1551}, {"gnb-1": 23, "ue_id": 1552}, {"gnb-1": 21, "ue_id": 1553}, {"gnb-1": 21, "ue_id": 1554}, {"gnb-1": 26, "ue_id": 1555}, {"gnb-1": 18, "ue_id": 1556}, {"gnb-1": 32, "ue_id": 1557}, {"gnb-1": 28, "ue_id": 1558}, {"gnb-1": 24, "ue_id": 1559}, {"gnb-1": 27, "ue_id": 1560}, {"gnb-1": 24, "ue_id": 1561}, {"gnb-1": 37, "ue_id": 1562}, {"gnb-1": 36, "ue_id": 1563}, {"gnb-1": 29, "ue_id": 1564}, {"gnb-1": 23, "ue_id": 1565}, {"gnb-1": 26, "ue_id": 1566}, {"gnb-1": 33, "ue_id": 1567}, {"gnb-1": 35, "ue_id": 1568}, {"gnb-1": 17, "ue_id": 1569}, {"gnb-1": 28, "ue_id": 1570}, {"gnb-1": 27, "ue_id": 1571}, {"gnb-1": 26, "ue_id": 1572}, {"gnb-1": 19, "ue_id": 1573}, {"gnb-1": 21, "ue_id": 1574}, {"gnb-1": 27, "ue_id": 1575}, {"gnb-1": 23, "ue_id": 1576}, {"gnb-1": 28, "ue_id": 1577}, {"gnb-1": 36, "ue_id": 1578}, {"gnb-1": 23, "ue_id": 1579}, {"gnb-1": 29, "ue_id": 1580}, {"gnb-1": 24, "ue_id": 1581}, {"gnb-1": 21, "ue_id": 1582}, {"gnb-1": 26, "ue_id": 1583}, {"gnb-1": 28, "ue_id": 1584}, {"gnb-1": 22, "ue_id": 1585}, {"gnb-1": 21, "ue_id": 1586}, {"gnb-1": 20, "ue_id": 1587}, {"gnb-1": 15, "ue_id": 1588}, {"gnb-1": 27, "ue_id": 1589}, {"gnb-1": 25, "ue_id": 1590}, {"gnb-1": 30, "ue_id": 1591}, {"gnb-1": 26, "ue_id": 1592}, {"gnb-1": 39, "ue_id": 1593}, {"gnb-1": 29, "ue_id": 1594}, {"gnb-1": 32, "ue_id": 1595}, {"gnb-1": 20, "ue_id": 1596}, {"gnb-1": 24, "ue_id": 1597}, {"gnb-1": 43, "ue_id": 1598}, {"gnb-1": 18, "ue_id": 1599}, {"gnb-1": 23, "ue_id": 1600}, {"gnb-1": 17, "ue_id": 1601}, {"gnb-1": 20, "ue_id": 1602}, {"gnb-1": 30, "ue_id": 1603}, {"gnb-1": 18, "ue_id": 1604}, {"gnb-1": 27, "ue_id": 1605}, {"gnb-1": 21, "ue_id": 1606}, {"gnb-1": 25, "ue_id": 1607}, {"gnb-1": 18, "ue_id": 1608}, {"gnb-1": 17, "ue_id": 1609}, {"gnb-1": 16, "ue_id": 1610}, {"gnb-1": 15, "ue_id": 1611}, {"gnb-1": 24, "ue_id": 1612}, {"gnb-1": 17, "ue_id": 1613}, {"gnb-1": 18, "ue_id": 1614}, {"gnb-1": 42, "ue_id": 1615}, {"gnb-1": 41, "ue_id": 1616}, {"gnb-1": 24, "ue_id": 1617}, {"gnb-1": 31, "ue_id": 1618}, {"gnb-1": 28, "ue_id": 1619}, {"gnb-1": 28, "ue_id": 1620}, {"gnb-1": 39, "ue_id": 1621}, {"gnb-1": 37, "ue_id": 1622}, {"gnb-1": 25, "ue_id": 1623}, {"gnb-1": 33, "ue_id": 1624}, {"gnb-1": 27, "ue_id": 1625}, {"gnb-1": 24, "ue_id": 1626}, {"gnb-1": 28, "ue_id": 1627}, {"gnb-1": 29, "ue_id": 1628}, {"gnb-1": 26, "ue_id": 1629}, {"gnb-1": 26, "ue_id": 1630}, {"gnb-1": 34, "ue_id": 1631}, {"gnb-1": 36, "ue_id": 1632}, {"gnb-1": 20, "ue_id": 1633}, {"gnb-1": 21, "ue_id": 1634}, {"gnb-1": 13, "ue_id": 1635}, {"gnb-1": 23, "ue_id": 1636}, {"gnb-1": 22, "ue_id": 1637}, {"gnb-1": 29, "ue_id": 1638}, {"gnb-1": 28, "ue_id": 1639}, {"gnb-1": 33, "ue_id": 1640}, {"gnb-1": 36, "ue_id": 1641}, {"gnb-1": 27, "ue_id": 1642}, {"gnb-1": 34, "ue_id": 1643}, {"gnb-1": 25, "ue_id": 1644}, {"gnb-1": 38, "ue_id": 1645}, {"gnb-1": 36, "ue_id": 1646}, {"gnb-1": 34, "ue_id": 1647}, {"gnb-1": 29, "ue_id": 1648}, {"gnb-1": 37, "ue_id": 1649}, {"gnb-1": 34, "ue_id": 1650}, {"gnb-1": 37, "ue_id": 1651}, {"gnb-1": 35, "ue_id": 1652}, {"gnb-1": 39, "ue_id": 1653}, {"gnb-1": 34, "ue_id": 1654}, {"gnb-1": 32, "ue_id": 1655}, {"gnb-1": 25, "ue_id": 1656}, {"gnb-1": 26, "ue_id": 1657}, {"gnb-1": 26, "ue_id": 1658}, {"gnb-1": 29, "ue_id": 1659}, {"gnb-1": 27, "ue_id": 1660}, {"gnb-1": 25, "ue_id": 1661}, {"gnb-1": 21, "ue_id": 1662}, {"gnb-1": 32, "ue_id": 1663}, {"gnb-1": 23, "ue_id": 1664}, {"gnb-1": 26, "ue_id": 1665}, {"gnb-1": 29, "ue_id": 1666}, {"gnb-1": 27, "ue_id": 1667}, {"gnb-1": 24, "ue_id": 1668}, {"gnb-1": 22, "ue_id": 1669}, {"gnb-1": 39, "ue_id": 1670}, {"gnb-1": 48, "ue_id": 1671}, {"gnb-1": 34, "ue_id": 1672}, {"gnb-1": 23, "ue_id": 1673}, {"gnb-1": 23, "ue_id": 1674}, {"gnb-1": 29, "ue_id": 1675}, {"gnb-1": 38, "ue_id": 1676}, {"gnb-1": 26, "ue_id": 1677}, {"gnb-1": 31, "ue_id": 1678}, {"gnb-1": 30, "ue_id": 1679}, {"gnb-1": 30, "ue_id": 1680}, {"gnb-1": 23, "ue_id": 1681}, {"gnb-1": 30, "ue_id": 1682}, {"gnb-1": 27, "ue_id": 1683}, {"gnb-1": 38, "ue_id": 1684}, {"gnb-1": 30, "ue_id": 1685}, {"gnb-1": 39, "ue_id": 1686}, {"gnb-1": 40, "ue_id": 1687}, {"gnb-1": 39, "ue_id": 1688}, {"gnb-1": 38, "ue_id": 1689}, {"gnb-1": 12, "ue_id": 1690}, {"gnb-1": 27, "ue_id": 1691}, {"gnb-1": 62, "ue_id": 1692}, {"gnb-1": 62, "ue_id": 1693}, {"gnb-1": 18, "ue_id": 1694}, {"gnb-1": 43, "ue_id": 1695}, {"gnb-1": 18, "ue_id": 1696}, {"gnb-1": 31, "ue_id": 1697}, {"gnb-1": 46, "ue_id": 1698}, {"gnb-1": 18, "ue_id": 1699}, {"gnb-1": 36, "ue_id": 1700}, {"gnb-1": 24, "ue_id": 1701}, {"gnb-1": 30, "ue_id": 1702}, {"gnb-1": 26, "ue_id": 1703}, {"gnb-1": 22, "ue_id": 1704}, {"gnb-1": 33, "ue_id": 1705}, {"gnb-1": 24, "ue_id": 1706}, {"gnb-1": 26, "ue_id": 1707}, {"gnb-1": 24, "ue_id": 1708}, {"gnb-1": 25, "ue_id": 1709}, {"gnb-1": 27, "ue_id": 1710}, {"gnb-1": 13, "ue_id": 1711}, {"gnb-1": 29, "ue_id": 1712}, {"gnb-1": 27, "ue_id": 1713}, {"gnb-1": 59, "ue_id": 1714}, {"gnb-1": 31, "ue_id": 1715}, {"gnb-1": 49, "ue_id": 1716}, {"gnb-1": 30, "ue_id": 1717}, {"gnb-1": 24, "ue_id": 1718}, {"gnb-1": 29, "ue_id": 1719}, {"gnb-1": 29, "ue_id": 1720}, {"gnb-1": 42, "ue_id": 1721}, {"gnb-1": 23, "ue_id": 1722}, {"gnb-1": 34, "ue_id": 1723}, {"gnb-1": 28, "ue_id": 1724}, {"gnb-1": 24, "ue_id": 1725}, {"gnb-1": 22, "ue_id": 1726}, {"gnb-1": 28, "ue_id": 1727}, {"gnb-1": 25, "ue_id": 1728}, {"gnb-1": 25, "ue_id": 1729}, {"gnb-1": 26, "ue_id": 1730}, {"gnb-1": 26, "ue_id": 1731}, {"gnb-1": 23, "ue_id": 1732}, {"gnb-1": 20, "ue_id": 1733}, {"gnb-1": 22, "ue_id": 1734}, {"gnb-1": 20, "ue_id": 1735}, {"gnb-1": 14, "ue_id": 1736}, {"gnb-1": 20, "ue_id": 1737}, {"gnb-1": 28, "ue_id": 1738}, {"gnb-1": 22, "ue_id": 1739}, {"gnb-1": 28, "ue_id": 1740}, {"gnb-1": 24, "ue_id": 1741}, {"gnb-1": 27, "ue_id": 1742}, {"gnb-1": 25, "ue_id": 1743}, {"gnb-1": 23, "ue_id": 1744}, {"gnb-1": 23, "ue_id": 1745}, {"gnb-1": 18, "ue_id": 1746}, {"gnb-1": 28, "ue_id": 1747}, {"gnb-1": 19, "ue_id": 1748}, {"gnb-1": 23, "ue_id": 1749}, {"gnb-1": 23, "ue_id": 1750}, {"gnb-1": 30, "ue_id": 1751}, {"gnb-1": 33, "ue_id": 1752}, {"gnb-1": 16, "ue_id": 1753}, {"gnb-1": 27, "ue_id": 1754}, {"gnb-1": 25, "ue_id": 1755}, {"gnb-1": 21, "ue_id": 1756}, {"gnb-1": 21, "ue_id": 1757}, {"gnb-1": 22, "ue_id": 1758}, {"gnb-1": 20, "ue_id": 1759}, {"gnb-1": 23, "ue_id": 1760}, {"gnb-1": 22, "ue_id": 1761}, {"gnb-1": 28, "ue_id": 1762}, {"gnb-1": 24, "ue_id": 1763}, {"gnb-1": 25, "ue_id": 1764}, {"gnb-1": 26, "ue_id": 1765}, {"gnb-1": 31, "ue_id": 1766}, {"gnb-1": 22, "ue_id": 1767}, {"gnb-1": 27, "ue_id": 1768}, {"gnb-1": 26, "ue_id": 1769}, {"gnb-1": 26, "ue_id": 1770}, {"gnb-1": 26, "ue_id": 1771}, {"gnb-1": 20, "ue_id": 1772}, {"gnb-1": 20, "ue_id": 1773}, {"gnb-1": 27, "ue_id": 1774}, {"gnb-1": 27, "ue_id": 1775}, {"gnb-1": 32, "ue_id": 1776}, {"gnb-1": 27, "ue_id": 1777}, {"gnb-1": 25, "ue_id": 1778}, {"gnb-1": 20, "ue_id": 1779}, {"gnb-1": 24, "ue_id": 1780}, {"gnb-1": 24, "ue_id": 1781}, {"gnb-1": 33, "ue_id": 1782}, {"gnb-1": 25, "ue_id": 1783}, {"gnb-1": 40, "ue_id": 1784}, {"gnb-1": 33, "ue_id": 1785}, {"gnb-1": 35, "ue_id": 1786}, {"gnb-1": 35, "ue_id": 1787}, {"gnb-1": 40, "ue_id": 1788}, {"gnb-1": 42, "ue_id": 1789}, {"gnb-1": 45, "ue_id": 1790}, {"gnb-1": 49, "ue_id": 1791}, {"gnb-1": 53, "ue_id": 1792}, {"gnb-1": 37, "ue_id": 1793}, {"gnb-1": 55, "ue_id": 1794}, {"gnb-1": 38, "ue_id": 1795}, {"gnb-1": 65, "ue_id": 1796}, {"gnb-1": 58, "ue_id": 1797}, {"gnb-1": 40, "ue_id": 1798}, {"gnb-1": 51, "ue_id": 1799}, {"gnb-1": 57, "ue_id": 1800}, {"gnb-1": 48, "ue_id": 1801}, {"gnb-1": 22, "ue_id": 1802}, {"gnb-1": 32, "ue_id": 1803}, {"gnb-1": 45, "ue_id": 1804}, {"gnb-1": 40, "ue_id": 1805}, {"gnb-1": 19, "ue_id": 1806}, {"gnb-1": 18, "ue_id": 1807}, {"gnb-1": 30, "ue_id": 1808}, {"gnb-1": 22, "ue_id": 1809}, {"gnb-1": 16, "ue_id": 1810}, {"gnb-1": 29, "ue_id": 1811}, {"gnb-1": 32, "ue_id": 1812}, {"gnb-1": 31, "ue_id": 1813}, {"gnb-1": 38, "ue_id": 1814}, {"gnb-1": 42, "ue_id": 1815}, {"gnb-1": 40, "ue_id": 1816}, {"gnb-1": 29, "ue_id": 1817}, {"gnb-1": 25, "ue_id": 1818}, {"gnb-1": 29, "ue_id": 1819}, {"gnb-1": 40, "ue_id": 1820}, {"gnb-1": 39, "ue_id": 1821}, {"gnb-1": 40, "ue_id": 1822}, {"gnb-1": 35, "ue_id": 1823}, {"gnb-1": 37, "ue_id": 1824}, {"gnb-1": 33, "ue_id": 1825}, {"gnb-1": 23, "ue_id": 1826}, {"gnb-1": 33, "ue_id": 1827}, {"gnb-1": 31, "ue_id": 1828}, {"gnb-1": 40, "ue_id": 1829}, {"gnb-1": 37, "ue_id": 1830}, {"gnb-1": 22, "ue_id": 1831}, {"gnb-1": 19, "ue_id": 1832}, {"gnb-1": 19, "ue_id": 1833}, {"gnb-1": 16, "ue_id": 1834}, {"gnb-1": 17, "ue_id": 1835}, {"gnb-1": 26, "ue_id": 1836}, {"gnb-1": 63, "ue_id": 1837}, {"gnb-1": 65, "ue_id": 1838}, {"gnb-1": 27, "ue_id": 1839}, {"gnb-1": 40, "ue_id": 1840}, {"gnb-1": 41, "ue_id": 1841}, {"gnb-1": 38, "ue_id": 1842}, {"gnb-1": 42, "ue_id": 1843}, {"gnb-1": 43, "ue_id": 1844}, {"gnb-1": 28, "ue_id": 1845}, {"gnb-1": 25, "ue_id": 1846}, {"gnb-1": 31, "ue_id": 1847}, {"gnb-1": 32, "ue_id": 1848}, {"gnb-1": 21, "ue_id": 1849}, {"gnb-1": 21, "ue_id": 1850}, {"gnb-1": 37, "ue_id": 1851}, {"gnb-1": 39, "ue_id": 1852}, {"gnb-1": 30, "ue_id": 1853}, {"gnb-1": 24, "ue_id": 1854}, {"gnb-1": 32, "ue_id": 1855}, {"gnb-1": 25, "ue_id": 1856}, {"gnb-1": 25, "ue_id": 1857}, {"gnb-1": 21, "ue_id": 1858}, {"gnb-1": 24, "ue_id": 1859}, {"gnb-1": 17, "ue_id": 1860}, {"gnb-1": 17, "ue_id": 1861}, {"gnb-1": 36, "ue_id": 1862}, {"gnb-1": 35, "ue_id": 1863}, {"gnb-1": 28, "ue_id": 1864}, {"gnb-1": 32, "ue_id": 1865}, {"gnb-1": 40, "ue_id": 1866}, {"gnb-1": 56, "ue_id": 1867}, {"gnb-1": 24, "ue_id": 1868}, {"gnb-1": 31, "ue_id": 1869}, {"gnb-1": 37, "ue_id": 1870}, {"gnb-1": 33, "ue_id": 1871}, {"gnb-1": 46, "ue_id": 1872}, {"gnb-1": 24, "ue_id": 1873}, {"gnb-1": 25, "ue_id": 1874}, {"gnb-1": 37, "ue_id": 1875}, {"gnb-1": 28, "ue_id": 1876}, {"gnb-1": 28, "ue_id": 1877}, {"gnb-1": 31, "ue_id": 1878}, {"gnb-1": 21, "ue_id": 1879}, {"gnb-1": 22, "ue_id": 1880}, {"gnb-1": 21, "ue_id": 1881}, {"gnb-1": 23, "ue_id": 1882}, {"gnb-1": 22, "ue_id": 1883}, {"gnb-1": 28, "ue_id": 1884}, {"gnb-1": 29, "ue_id": 1885}, {"gnb-1": 15, "ue_id": 1886}, {"gnb-1": 16, "ue_id": 1887}, {"gnb-1": 32, "ue_id": 1888}, {"gnb-1": 31, "ue_id": 1889}, {"gnb-1": 52, "ue_id": 1890}, {"gnb-1": 40, "ue_id": 1891}, {"gnb-1": 25, "ue_id": 1892}, {"gnb-1": 56, "ue_id": 1893}, {"gnb-1": 44, "ue_id": 1894}, {"gnb-1": 25, "ue_id": 1895}, {"gnb-1": 26, "ue_id": 1896}, {"gnb-1": 23, "ue_id": 1897}, {"gnb-1": 42, "ue_id": 1898}, {"gnb-1": 37, "ue_id": 1899}, {"gnb-1": 32, "ue_id": 1900}, {"gnb-1": 35, "ue_id": 1901}, {"gnb-1": 31, "ue_id": 1902}, {"gnb-1": 29, "ue_id": 1903}, {"gnb-1": 35, "ue_id": 1904}, {"gnb-1": 25, "ue_id": 1905}, {"gnb-1": 23, "ue_id": 1906}, {"gnb-1": 22, "ue_id": 1907}, {"gnb-1": 44, "ue_id": 1908}, {"gnb-1": 42, "ue_id": 1909}, {"gnb-1": 17, "ue_id": 1910}, {"gnb-1": 35, "ue_id": 1911}, {"gnb-1": 19, "ue_id": 1912}, {"gnb-1": 36, "ue_id": 1913}, {"gnb-1": 39, "ue_id": 1914}, {"gnb-1": 35, "ue_id": 1915}, {"gnb-1": 29, "ue_id": 1916}, {"gnb-1": 37, "ue_id": 1917}, {"gnb-1": 33, "ue_id": 1918}, {"gnb-1": 28, "ue_id": 1919}, {"gnb-1": 27, "ue_id": 1920}, {"gnb-1": 35, "ue_id": 1921}, {"gnb-1": 23, "ue_id": 1922}, {"gnb-1": 33, "ue_id": 1923}, {"gnb-1": 50, "ue_id": 1924}, {"gnb-1": 48, "ue_id": 1925}, {"gnb-1": 42, "ue_id": 1926}, {"gnb-1": 42, "ue_id": 1927}, {"gnb-1": 38, "ue_id": 1928}, {"gnb-1": 36, "ue_id": 1929}, {"gnb-1": 33, "ue_id": 1930}, {"gnb-1": 21, "ue_id": 1931}, {"gnb-1": 19, "ue_id": 1932}, {"gnb-1": 19, "ue_id": 1933}, {"gnb-1": 21, "ue_id": 1934}, {"gnb-1": 32, "ue_id": 1935}, {"gnb-1": 29, "ue_id": 1936}, {"gnb-1": 23, "ue_id": 1937}, {"gnb-1": 27, "ue_id": 1938}, {"gnb-1": 37, "ue_id": 1939}, {"gnb-1": 33, "ue_id": 1940}, {"gnb-1": 41, "ue_id": 1941}, {"gnb-1": 60, "ue_id": 1942}, {"gnb-1": 33, "ue_id": 1943}, {"gnb-1": 35, "ue_id": 1944}, {"gnb-1": 40, "ue_id": 1945}, {"gnb-1": 37, "ue_id": 1946}, {"gnb-1": 41, "ue_id": 1947}, {"gnb-1": 24, "ue_id": 1948}, {"gnb-1": 20, "ue_id": 1949}, {"gnb-1": 18, "ue_id": 1950}, {"gnb-1": 27, "ue_id": 1951}, {"gnb-1": 34, "ue_id": 1952}, {"gnb-1": 29, "ue_id": 1953}, {"gnb-1": 17, "ue_id": 1954}, {"gnb-1": 32, "ue_id": 1955}, {"gnb-1": 19, "ue_id": 1956}, {"gnb-1": 18, "ue_id": 1957}, {"gnb-1": 15, "ue_id": 1958}, {"gnb-1": 14, "ue_id": 1959}, {"gnb-1": 33, "ue_id": 1960}, {"gnb-1": 17, "ue_id": 1961}, {"gnb-1": 30, "ue_id": 1962}, {"gnb-1": 26, "ue_id": 1963}, {"gnb-1": 34, "ue_id": 1964}, {"gnb-1": 27, "ue_id": 1965}, {"gnb-1": 31, "ue_id": 1966}, {"gnb-1": 33, "ue_id": 1967}, {"gnb-1": 57, "ue_id": 1968}, {"gnb-1": 34, "ue_id": 1969}, {"gnb-1": 28, "ue_id": 1970}, {"gnb-1": 33, "ue_id": 1971}, {"gnb-1": 44, "ue_id": 1972}, {"gnb-1": 29, "ue_id": 1973}, {"gnb-1": 26, "ue_id": 1974}, {"gnb-1": 27, "ue_id": 1975}, {"gnb-1": 25, "ue_id": 1976}, {"gnb-1": 26, "ue_id": 1977}, {"gnb-1": 26, "ue_id": 1978}, {"gnb-1": 32, "ue_id": 1979}, {"gnb-1": 30, "ue_id": 1980}, {"gnb-1": 44, "ue_id": 1981}, {"gnb-1": 43, "ue_id": 1982}, {"gnb-1": 31, "ue_id": 1983}, {"gnb-1": 35, "ue_id": 1984}, {"gnb-1": 33, "ue_id": 1985}, {"gnb-1": 16, "ue_id": 1986}, {"gnb-1": 36, "ue_id": 1987}, {"gnb-1": 44, "ue_id": 1988}, {"gnb-1": 49, "ue_id": 1989}, {"gnb-1": 36, "ue_id": 1990}, {"gnb-1": 72, "ue_id": 1991}, {"gnb-1": 57, "ue_id": 1992}, {"gnb-1": 34, "ue_id": 1993}, {"gnb-1": 38, "ue_id": 1994}, {"gnb-1": 45, "ue_id": 1995}, {"gnb-1": 23, "ue_id": 1996}, {"gnb-1": 45, "ue_id": 1997}, {"gnb-1": 47, "ue_id": 1998}, {"gnb-1": 43, "ue_id": 1999}, {"gnb-1": 44, "ue_id": 2000}, {"gnb-1": 41, "ue_id": 2001}, {"gnb-1": 36, "ue_id": 2002}, {"gnb-1": 27, "ue_id": 2003}, {"gnb-1": 21, "ue_id": 2004}, {"gnb-1": 20, "ue_id": 2005}, {"gnb-1": 23, "ue_id": 2006}, {"gnb-1": 26, "ue_id": 2007}, {"gnb-1": 31, "ue_id": 2008}, {"gnb-1": 29, "ue_id": 2009}, {"gnb-1": 30, "ue_id": 2010}, {"gnb-1": 20, "ue_id": 2011}, {"gnb-1": 40, "ue_id": 2012}, {"gnb-1": 45, "ue_id": 2013}, {"gnb-1": 73, "ue_id": 2014}, {"gnb-1": 73, "ue_id": 2015}, {"gnb-1": 48, "ue_id": 2016}, {"gnb-1": 51, "ue_id": 2017}, {"gnb-1": 49, "ue_id": 2018}, {"gnb-1": 39, "ue_id": 2019}, {"gnb-1": 30, "ue_id": 2020}, {"gnb-1": 30, "ue_id": 2021}, {"gnb-1": 49, "ue_id": 2022}, {"gnb-1": 32, "ue_id": 2023}, {"gnb-1": 41, "ue_id": 2024}, {"gnb-1": 38, "ue_id": 2025}, {"gnb-1": 37, "ue_id": 2026}, {"gnb-1": 32, "ue_id": 2027}, {"gnb-1": 30, "ue_id": 2028}, {"gnb-1": 34, "ue_id": 2029}, {"gnb-1": 23, "ue_id": 2030}, {"gnb-1": 21, "ue_id": 2031}, {"gnb-1": 33, "ue_id": 2032}, {"gnb-1": 18, "ue_id": 2033}, {"gnb-1": 26, "ue_id": 2034}, {"gnb-1": 21, "ue_id": 2035}, {"gnb-1": 35, "ue_id": 2036}, {"gnb-1": 26, "ue_id": 2037}, {"gnb-1": 26, "ue_id": 2038}, {"gnb-1": 34, "ue_id": 2039}, {"gnb-1": 54, "ue_id": 2040}, {"gnb-1": 24, "ue_id": 2041}, {"gnb-1": 41, "ue_id": 2042}, {"gnb-1": 39, "ue_id": 2043}, {"gnb-1": 32, "ue_id": 2044}, {"gnb-1": 20, "ue_id": 2045}, {"gnb-1": 21, "ue_id": 2046}, {"gnb-1": 41, "ue_id": 2047}, {"gnb-1": 36, "ue_id": 2048}, {"gnb-1": 34, "ue_id": 2049}, {"gnb-1": 33, "ue_id": 2050}, {"gnb-1": 25, "ue_id": 2051}, {"gnb-1": 35, "ue_id": 2052}, {"gnb-1": 33, "ue_id": 2053}, {"gnb-1": 27, "ue_id": 2054}, {"gnb-1": 22, "ue_id": 2055}, {"gnb-1": 17, "ue_id": 2056}, {"gnb-1": 16, "ue_id": 2057}, {"gnb-1": 19, "ue_id": 2058}, {"gnb-1": 23, "ue_id": 2059}, {"gnb-1": 14, "ue_id": 2060}, {"gnb-1": 16, "ue_id": 2061}, {"gnb-1": 18, "ue_id": 2062}, {"gnb-1": 15, "ue_id": 2063}, {"gnb-1": 24, "ue_id": 2064}, {"gnb-1": 21, "ue_id": 2065}, {"gnb-1": 23, "ue_id": 2066}, {"gnb-1": 26, "ue_id": 2067}, {"gnb-1": 26, "ue_id": 2068}, {"gnb-1": 36, "ue_id": 2069}, {"gnb-1": 32, "ue_id": 2070}, {"gnb-1": 23, "ue_id": 2071}, {"gnb-1": 18, "ue_id": 2072}, {"gnb-1": 25, "ue_id": 2073}, {"gnb-1": 18, "ue_id": 2074}, {"gnb-1": 23, "ue_id": 2075}, {"gnb-1": 17, "ue_id": 2076}, {"gnb-1": 17, "ue_id": 2077}, {"gnb-1": 18, "ue_id": 2078}, {"gnb-1": 18, "ue_id": 2079}, {"gnb-1": 36, "ue_id": 2080}, {"gnb-1": 31, "ue_id": 2081}, {"gnb-1": 28, "ue_id": 2082}, {"gnb-1": 24, "ue_id": 2083}, {"gnb-1": 24, "ue_id": 2084}, {"gnb-1": 22, "ue_id": 2085}, {"gnb-1": 17, "ue_id": 2086}, {"gnb-1": 18, "ue_id": 2087}, {"gnb-1": 14, "ue_id": 2088}, {"gnb-1": 16, "ue_id": 2089}, {"gnb-1": 38, "ue_id": 2090}, {"gnb-1": 46, "ue_id": 2091}, {"gnb-1": 44, "ue_id": 2092}, {"gnb-1": 33, "ue_id": 2093}, {"gnb-1": 41, "ue_id": 2094}, {"gnb-1": 58, "ue_id": 2095}, {"gnb-1": 36, "ue_id": 2096}, {"gnb-1": 40, "ue_id": 2097}, {"gnb-1": 59, "ue_id": 2098}, {"gnb-1": 32, "ue_id": 2099}, {"gnb-1": 54, "ue_id": 2100}, {"gnb-1": 39, "ue_id": 2101}, {"gnb-1": 37, "ue_id": 2102}, {"gnb-1": 22, "ue_id": 2103}, {"gnb-1": 40, "ue_id": 2104}, {"gnb-1": 27, "ue_id": 2105}, {"gnb-1": 21, "ue_id": 2106}, {"gnb-1": 23, "ue_id": 2107}, {"gnb-1": 20, "ue_id": 2108}, {"gnb-1": 17, "ue_id": 2109}, {"gnb-1": 16, "ue_id": 2110}, {"gnb-1": 19, "ue_id": 2111}, {"gnb-1": 37, "ue_id": 2112}, {"gnb-1": 33, "ue_id": 2113}, {"gnb-1": 28, "ue_id": 2114}, {"gnb-1": 37, "ue_id": 2115}, {"gnb-1": 48, "ue_id": 2116}, {"gnb-1": 40, "ue_id": 2117}, {"gnb-1": 37, "ue_id": 2118}, {"gnb-1": 37, "ue_id": 2119}, {"gnb-1": 41, "ue_id": 2120}, {"gnb-1": 39, "ue_id": 2121}, {"gnb-1": 27, "ue_id": 2122}, {"gnb-1": 43, "ue_id": 2123}, {"gnb-1": 34, "ue_id": 2124}, {"gnb-1": 34, "ue_id": 2125}, {"gnb-1": 32, "ue_id": 2126}, {"gnb-1": 30, "ue_id": 2127}, {"gnb-1": 15, "ue_id": 2128}, {"gnb-1": 37, "ue_id": 2129}, {"gnb-1": 35, "ue_id": 2130}, {"gnb-1": 25, "ue_id": 2131}, {"gnb-1": 28, "ue_id": 2132}, {"gnb-1": 22, "ue_id": 2133}, {"gnb-1": 38, "ue_id": 2134}, {"gnb-1": 40, "ue_id": 2135}, {"gnb-1": 33, "ue_id": 2136}, {"gnb-1": 32, "ue_id": 2137}, {"gnb-1": 29, "ue_id": 2138}, {"gnb-1": 40, "ue_id": 2139}, {"gnb-1": 26, "ue_id": 2140}, {"gnb-1": 27, "ue_id": 2141}, {"gnb-1": 29, "ue_id": 2142}, {"gnb-1": 31, "ue_id": 2143}, {"gnb-1": 26, "ue_id": 2144}, {"gnb-1": 26, "ue_id": 2145}, {"gnb-1": 42, "ue_id": 2146}, {"gnb-1": 40, "ue_id": 2147}, {"gnb-1": 42, "ue_id": 2148}, {"gnb-1": 25, "ue_id": 2149}, {"gnb-1": 31, "ue_id": 2150}, {"gnb-1": 30, "ue_id": 2151}, {"gnb-1": 25, "ue_id": 2152}, {"gnb-1": 24, "ue_id": 2153}, {"gnb-1": 34, "ue_id": 2154}, {"gnb-1": 27, "ue_id": 2155}, {"gnb-1": 22, "ue_id": 2156}, {"gnb-1": 31, "ue_id": 2157}, {"gnb-1": 30, "ue_id": 2158}, {"gnb-1": 26, "ue_id": 2159}, {"gnb-1": 27, "ue_id": 2160}, {"gnb-1": 24, "ue_id": 2161}, {"gnb-1": 20, "ue_id": 2162}, {"gnb-1": 16, "ue_id": 2163}, {"gnb-1": 17, "ue_id": 2164}, {"gnb-1": 41, "ue_id": 2165}, {"gnb-1": 26, "ue_id": 2166}, {"gnb-1": 20, "ue_id": 2167}, {"gnb-1": 28, "ue_id": 2168}, {"gnb-1": 28, "ue_id": 2169}, {"gnb-1": 18, "ue_id": 2170}, {"gnb-1": 24, "ue_id": 2171}, {"gnb-1": 20, "ue_id": 2172}, {"gnb-1": 31, "ue_id": 2173}, {"gnb-1": 22, "ue_id": 2174}, {"gnb-1": 23, "ue_id": 2175}, {"gnb-1": 25, "ue_id": 2176}, {"gnb-1": 26, "ue_id": 2177}, {"gnb-1": 26, "ue_id": 2178}, {"gnb-1": 22, "ue_id": 2179}, {"gnb-1": 17, "ue_id": 2180}, {"gnb-1": 22, "ue_id": 2181}, {"gnb-1": 21, "ue_id": 2182}, {"gnb-1": 22, "ue_id": 2183}, {"gnb-1": 20, "ue_id": 2184}, {"gnb-1": 19, "ue_id": 2185}, {"gnb-1": 17, "ue_id": 2186}, {"gnb-1": 30, "ue_id": 2187}, {"gnb-1": 16, "ue_id": 2188}, {"gnb-1": 16, "ue_id": 2189}, {"gnb-1": 39, "ue_id": 2190}, {"gnb-1": 37, "ue_id": 2191}, {"gnb-1": 34, "ue_id": 2192}, {"gnb-1": 41, "ue_id": 2193}, {"gnb-1": 29, "ue_id": 2194}, {"gnb-1": 35, "ue_id": 2195}, {"gnb-1": 44, "ue_id": 2196}, {"gnb-1": 37, "ue_id": 2197}, {"gnb-1": 64, "ue_id": 2198}, {"gnb-1": 33, "ue_id": 2199}, {"gnb-1": 25, "ue_id": 2200}, {"gnb-1": 25, "ue_id": 2201}, {"gnb-1": 28, "ue_id": 2202}, {"gnb-1": 39, "ue_id": 2203}, {"gnb-1": 33, "ue_id": 2204}, {"gnb-1": 28, "ue_id": 2205}, {"gnb-1": 14, "ue_id": 2206}, {"gnb-1": 13, "ue_id": 2207}, {"gnb-1": 12, "ue_id": 2208}, {"gnb-1": 13, "ue_id": 2209}, {"gnb-1": 14, "ue_id": 2210}, {"gnb-1": 17, "ue_id": 2211}, {"gnb-1": 20, "ue_id": 2212}, {"gnb-1": 28, "ue_id": 2213}, {"gnb-1": 38, "ue_id": 2214}, {"gnb-1": 35, "ue_id": 2215}, {"gnb-1": 35, "ue_id": 2216}, {"gnb-1": 60, "ue_id": 2217}, {"gnb-1": 35, "ue_id": 2218}, {"gnb-1": 37, "ue_id": 2219}, {"gnb-1": 41, "ue_id": 2220}, {"gnb-1": 55, "ue_id": 2221}, {"gnb-1": 20, "ue_id": 2222}, {"gnb-1": 26, "ue_id": 2223}, {"gnb-1": 44, "ue_id": 2224}, {"gnb-1": 31, "ue_id": 2225}, {"gnb-1": 30, "ue_id": 2226}, {"gnb-1": 31, "ue_id": 2227}, {"gnb-1": 19, "ue_id": 2228}, {"gnb-1": 19, "ue_id": 2229}, {"gnb-1": 28, "ue_id": 2230}, {"gnb-1": 22, "ue_id": 2231}, {"gnb-1": 21, "ue_id": 2232}, {"gnb-1": 22, "ue_id": 2233}, {"gnb-1": 31, "ue_id": 2234}, {"gnb-1": 27, "ue_id": 2235}, {"gnb-1": 15, "ue_id": 2236}, {"gnb-1": 42, "ue_id": 2237}, {"gnb-1": 36, "ue_id": 2238}, {"gnb-1": 37, "ue_id": 2239}, {"gnb-1": 38, "ue_id": 2240}, {"gnb-1": 46, "ue_id": 2241}, {"gnb-1": 45, "ue_id": 2242}, {"gnb-1": 43, "ue_id": 2243}, {"gnb-1": 45, "ue_id": 2244}, {"gnb-1": 42, "ue_id": 2245}, {"gnb-1": 50, "ue_id": 2246}, {"gnb-1": 55, "ue_id": 2247}, {"gnb-1": 41, "ue_id": 2248}, {"gnb-1": 24, "ue_id": 2249}, {"gnb-1": 34, "ue_id": 2250}, {"gnb-1": 34, "ue_id": 2251}, {"gnb-1": 40, "ue_id": 2252}, {"gnb-1": 37, "ue_id": 2253}, {"gnb-1": 35, "ue_id": 2254}, {"gnb-1": 15, "ue_id": 2255}, {"gnb-1": 23, "ue_id": 2256}, {"gnb-1": 33, "ue_id": 2257}, {"gnb-1": 39, "ue_id": 2258}, {"gnb-1": 24, "ue_id": 2259}, {"gnb-1": 35, "ue_id": 2260}, {"gnb-1": 34, "ue_id": 2261}, {"gnb-1": 35, "ue_id": 2262}, {"gnb-1": 49, "ue_id": 2263}, {"gnb-1": 49, "ue_id": 2264}, {"gnb-1": 49, "ue_id": 2265}, {"gnb-1": 38, "ue_id": 2266}, {"gnb-1": 47, "ue_id": 2267}, {"gnb-1": 73, "ue_id": 2268}, {"gnb-1": 22, "ue_id": 2269}, {"gnb-1": 44, "ue_id": 2270}, {"gnb-1": 55, "ue_id": 2271}, {"gnb-1": 64, "ue_id": 2272}, {"gnb-1": 38, "ue_id": 2273}, {"gnb-1": 28, "ue_id": 2274}, {"gnb-1": 49, "ue_id": 2275}, {"gnb-1": 49, "ue_id": 2276}, {"gnb-1": 54, "ue_id": 2277}, {"gnb-1": 56, "ue_id": 2278}, {"gnb-1": 55, "ue_id": 2279}, {"gnb-1": 54, "ue_id": 2280}, {"gnb-1": 24, "ue_id": 2281}, {"gnb-1": 24, "ue_id": 2282}, {"gnb-1": 28, "ue_id": 2283}, {"gnb-1": 23, "ue_id": 2284}, {"gnb-1": 18, "ue_id": 2285}, {"gnb-1": 32, "ue_id": 2286}, {"gnb-1": 25, "ue_id": 2287}, {"gnb-1": 21, "ue_id": 2288}, {"gnb-1": 38, "ue_id": 2289}, {"gnb-1": 28, "ue_id": 2290}, {"gnb-1": 36, "ue_id": 2291}, {"gnb-1": 54, "ue_id": 2292}, {"gnb-1": 33, "ue_id": 2293}, {"gnb-1": 69, "ue_id": 2294}, {"gnb-1": 36, "ue_id": 2295}, {"gnb-1": 34, "ue_id": 2296}, {"gnb-1": 40, "ue_id": 2297}, {"gnb-1": 38, "ue_id": 2298}, {"gnb-1": 37, "ue_id": 2299}, {"gnb-1": 41, "ue_id": 2300}, {"gnb-1": 45, "ue_id": 2301}, {"gnb-1": 37, "ue_id": 2302}, {"gnb-1": 45, "ue_id": 2303}, {"gnb-1": 41, "ue_id": 2304}, {"gnb-1": 39, "ue_id": 2305}, {"gnb-1": 15, "ue_id": 2306}, {"gnb-1": 15, "ue_id": 2307}, {"gnb-1": 14, "ue_id": 2308}, {"gnb-1": 16, "ue_id": 2309}, {"gnb-1": 13, "ue_id": 2310}, {"gnb-1": 20, "ue_id": 2311}, {"gnb-1": 33, "ue_id": 2312}, {"gnb-1": 28, "ue_id": 2313}, {"gnb-1": 31, "ue_id": 2314}, {"gnb-1": 17, "ue_id": 2315}, {"gnb-1": 35, "ue_id": 2316}, {"gnb-1": 30, "ue_id": 2317}, {"gnb-1": 39, "ue_id": 2318}, {"gnb-1": 34, "ue_id": 2319}, {"gnb-1": 35, "ue_id": 2320}, {"gnb-1": 26, "ue_id": 2321}, {"gnb-1": 47, "ue_id": 2322}, {"gnb-1": 37, "ue_id": 2323}, {"gnb-1": 38, "ue_id": 2324}, {"gnb-1": 23, "ue_id": 2325}, {"gnb-1": 42, "ue_id": 2326}, {"gnb-1": 36, "ue_id": 2327}, {"gnb-1": 33, "ue_id": 2328}, {"gnb-1": 18, "ue_id": 2329}, {"gnb-1": 18, "ue_id": 2330}, {"gnb-1": 22, "ue_id": 2331}, {"gnb-1": 18, "ue_id": 2332}, {"gnb-1": 18, "ue_id": 2333}, {"gnb-1": 17, "ue_id": 2334}, {"gnb-1": 17, "ue_id": 2335}, {"gnb-1": 21, "ue_id": 2336}, {"gnb-1": 22, "ue_id": 2337}, {"gnb-1": 17, "ue_id": 2338}, {"gnb-1": 22, "ue_id": 2339}, {"gnb-1": 16, "ue_id": 2340}, {"gnb-1": 44, "ue_id": 2341}, {"gnb-1": 39, "ue_id": 2342}, {"gnb-1": 28, "ue_id": 2343}, {"gnb-1": 37, "ue_id": 2344}, {"gnb-1": 54, "ue_id": 2345}, {"gnb-1": 23, "ue_id": 2346}, {"gnb-1": 24, "ue_id": 2347}, {"gnb-1": 23, "ue_id": 2348}, {"gnb-1": 23, "ue_id": 2349}, {"gnb-1": 47, "ue_id": 2350}, {"gnb-1": 37, "ue_id": 2351}, {"gnb-1": 16, "ue_id": 2352}, {"gnb-1": 15, "ue_id": 2353}, {"gnb-1": 33, "ue_id": 2354}, {"gnb-1": 36, "ue_id": 2355}, {"gnb-1": 22, "ue_id": 2356}, {"gnb-1": 20, "ue_id": 2357}, {"gnb-1": 19, "ue_id": 2358}, {"gnb-1": 18, "ue_id": 2359}, {"gnb-1": 18, "ue_id": 2360}, {"gnb-1": 26, "ue_id": 2361}, {"gnb-1": 22, "ue_id": 2362}, {"gnb-1": 28, "ue_id": 2363}, {"gnb-1": 27, "ue_id": 2364}, {"gnb-1": 30, "ue_id": 2365}, {"gnb-1": 27, "ue_id": 2366}, {"gnb-1": 37, "ue_id": 2367}, {"gnb-1": 54, "ue_id": 2368}, {"gnb-1": 40, "ue_id": 2369}, {"gnb-1": 30, "ue_id": 2370}, {"gnb-1": 33, "ue_id": 2371}, {"gnb-1": 28, "ue_id": 2372}, {"gnb-1": 40, "ue_id": 2373}, {"gnb-1": 26, "ue_id": 2374}, {"gnb-1": 24, "ue_id": 2375}, {"gnb-1": 32, "ue_id": 2376}, {"gnb-1": 20, "ue_id": 2377}, {"gnb-1": 32, "ue_id": 2378}, {"gnb-1": 29, "ue_id": 2379}, {"gnb-1": 31, "ue_id": 2380}, {"gnb-1": 19, "ue_id": 2381}, {"gnb-1": 18, "ue_id": 2382}, {"gnb-1": 17, "ue_id": 2383}, {"gnb-1": 17, "ue_id": 2384}, {"gnb-1": 22, "ue_id": 2385}, {"gnb-1": 17, "ue_id": 2386}, {"gnb-1": 16, "ue_id": 2387}, {"gnb-1": 22, "ue_id": 2388}, {"gnb-1": 35, "ue_id": 2389}, {"gnb-1": 33, "ue_id": 2390}, {"gnb-1": 30, "ue_id": 2391}, {"gnb-1": 26, "ue_id": 2392}, {"gnb-1": 32, "ue_id": 2393}, {"gnb-1": 29, "ue_id": 2394}, {"gnb-1": 24, "ue_id": 2395}, {"gnb-1": 28, "ue_id": 2396}, {"gnb-1": 20, "ue_id": 2397}, {"gnb-1": 19, "ue_id": 2398}, {"gnb-1": 26, "ue_id": 2399}, {"gnb-1": 41, "ue_id": 2400}, {"gnb-1": 36, "ue_id": 2401}, {"gnb-1": 33, "ue_id": 2402}, {"gnb-1": 32, "ue_id": 2403}, {"gnb-1": 30, "ue_id": 2404}, {"gnb-1": 28, "ue_id": 2405}, {"gnb-1": 19, "ue_id": 2406}, {"gnb-1": 18, "ue_id": 2407}, {"gnb-1": 17, "ue_id": 2408}, {"gnb-1": 17, "ue_id": 2409}, {"gnb-1": 19, "ue_id": 2410}, {"gnb-1": 34, "ue_id": 2411}, {"gnb-1": 25, "ue_id": 2412}, {"gnb-1": 23, "ue_id": 2413}, {"gnb-1": 24, "ue_id": 2414}, {"gnb-1": 20, "ue_id": 2415}, {"gnb-1": 58, "ue_id": 2416}, {"gnb-1": 34, "ue_id": 2417}, {"gnb-1": 26, "ue_id": 2418}, {"gnb-1": 34, "ue_id": 2419}, {"gnb-1": 26, "ue_id": 2420}, {"gnb-1": 29, "ue_id": 2421}, {"gnb-1": 23, "ue_id": 2422}, {"gnb-1": 36, "ue_id": 2423}, {"gnb-1": 29, "ue_id": 2424}, {"gnb-1": 21, "ue_id": 2425}, {"gnb-1": 38, "ue_id": 2426}, {"gnb-1": 33, "ue_id": 2427}, {"gnb-1": 34, "ue_id": 2428}, {"gnb-1": 35, "ue_id": 2429}, {"gnb-1": 32, "ue_id": 2430}, {"gnb-1": 27, "ue_id": 2431}, {"gnb-1": 28, "ue_id": 2432}, {"gnb-1": 25, "ue_id": 2433}, {"gnb-1": 33, "ue_id": 2434}, {"gnb-1": 23, "ue_id": 2435}, {"gnb-1": 34, "ue_id": 2436}, {"gnb-1": 31, "ue_id": 2437}, {"gnb-1": 28, "ue_id": 2438}, {"gnb-1": 32, "ue_id": 2439}, {"gnb-1": 61, "ue_id": 2440}, {"gnb-1": 58, "ue_id": 2441}, {"gnb-1": 58, "ue_id": 2442}, {"gnb-1": 36, "ue_id": 2443}, {"gnb-1": 33, "ue_id": 2444}, {"gnb-1": 25, "ue_id": 2445}, {"gnb-1": 20, "ue_id": 2446}, {"gnb-1": 45, "ue_id": 2447}, {"gnb-1": 48, "ue_id": 2448}, {"gnb-1": 32, "ue_id": 2449}, {"gnb-1": 39, "ue_id": 2450}, {"gnb-1": 30, "ue_id": 2451}, {"gnb-1": 29, "ue_id": 2452}, {"gnb-1": 38, "ue_id": 2453}, {"gnb-1": 34, "ue_id": 2454}, {"gnb-1": 33, "ue_id": 2455}, {"gnb-1": 32, "ue_id": 2456}, {"gnb-1": 40, "ue_id": 2457}, {"gnb-1": 37, "ue_id": 2458}, {"gnb-1": 29, "ue_id": 2459}, {"gnb-1": 19, "ue_id": 2460}, {"gnb-1": 39, "ue_id": 2461}, {"gnb-1": 40, "ue_id": 2462}, {"gnb-1": 30, "ue_id": 2463}, {"gnb-1": 29, "ue_id": 2464}, {"gnb-1": 27, "ue_id": 2465}, {"gnb-1": 25, "ue_id": 2466}, {"gnb-1": 31, "ue_id": 2467}, {"gnb-1": 30, "ue_id": 2468}, {"gnb-1": 20, "ue_id": 2469}, {"gnb-1": 32, "ue_id": 2470}, {"gnb-1": 17, "ue_id": 2471}, {"gnb-1": 19, "ue_id": 2472}, {"gnb-1": 48, "ue_id": 2473}, {"gnb-1": 75, "ue_id": 2474}, {"gnb-1": 48, "ue_id": 2475}, {"gnb-1": 47, "ue_id": 2476}, {"gnb-1": 65, "ue_id": 2477}, {"gnb-1": 60, "ue_id": 2478}, {"gnb-1": 59, "ue_id": 2479}, {"gnb-1": 59, "ue_id": 2480}, {"gnb-1": 29, "ue_id": 2481}, {"gnb-1": 46, "ue_id": 2482}, {"gnb-1": 43, "ue_id": 2483}, {"gnb-1": 22, "ue_id": 2484}, {"gnb-1": 35, "ue_id": 2485}, {"gnb-1": 31, "ue_id": 2486}, {"gnb-1": 49, "ue_id": 2487}, {"gnb-1": 40, "ue_id": 2488}, {"gnb-1": 41, "ue_id": 2489}, {"gnb-1": 45, "ue_id": 2490}, {"gnb-1": 38, "ue_id": 2491}, {"gnb-1": 43, "ue_id": 2492}, {"gnb-1": 62, "ue_id": 2493}, {"gnb-1": 32, "ue_id": 2494}, {"gnb-1": 52, "ue_id": 2495}, {"gnb-1": 50, "ue_id": 2496}, {"gnb-1": 52, "ue_id": 2497}, {"gnb-1": 57, "ue_id": 2498}, {"gnb-1": 43, "ue_id": 2499}, {"gnb-1": 39, "ue_id": 2500}, {"gnb-1": 44, "ue_id": 2501}, {"gnb-1": 37, "ue_id": 2502}, {"gnb-1": 51, "ue_id": 2503}, {"gnb-1": 46, "ue_id": 2504}, {"gnb-1": 42, "ue_id": 2505}], "datatype": "Deregistration PCT", "gNB_id": 1}